,Title,Sortable Name,SKU,ISBN,MPN,Title Hint,Author,Author Hint,Narrator,Master Created,Status,Duration,Web link,Publisher,Length,Noteriety,Score,Price,Ex VAT,Price adjustent,SPPrice,Age_lower,Age_upper,Category 1,Category 2,Category 3,Language,Abridged,Advance,Royalty,Published (on our website)
100001,Alice's Adventures In Wonderland,Alice's Adventures In Wonderland,BK-43014-LCAA,9781915443014,B01-GF-01-100001,AA,Lewis Carroll,LC,Fiona Shaw,y,Live,2:23,http://voxblock.info/p/B01/GF/1/100001,Naxos,2,4,6,£5.99,£4.99,Classic,5.99,5,12,Family Favourites,,,English,,£0,0.2,27/06/2022
100002,Anne Of Green Gables,Anne Of Green Gables,BK-43021-LMGG,9781915443021,B01-GF-01-100002,GG,L.M. Montgomery,LM,Liza Ross,y,Live,2:37,http://voxblock.info/p/B01/GF/1/100002,Naxos,3,3,6,£11.99,£9.99,,9.99,5,12,Family Favourites,,,English,,£0,0.2,27/06/2022
100003,Black Beauty,Black Beauty,BK-43038-ASBB,9781915443038,B01-GF-01-100003,BB,Anna Sewell,AS,Jonathan Keeble,y,Live,2:12,http://voxblock.info/p/B01/GF/1/100003,Naxos,2,4,6,£11.99,£9.99,,9.99,5,12,Family Favourites,,,English,,£0,0.2,27/06/2022
100004,Great Scientists And Their Discoveries,Great Scientists And Their Discoveries,BK-43045-DAGS,9781915443045,B01-GF-01-100004,GS,David Angus,DA,Benjamin Soames & Clare Corbett,y,Live,2:25,http://voxblock.info/p/B01/GF/1/100004,Naxos,2,2,4,£5.99,£4.99,Learning,5.99,5,12,Facts & Learning,,,English,,£0,0.2,27/06/2022
100005,Gulliver's Travels: Retold for Younger Listeners,Gulliver's Travels: Retold for Younger Listeners,BK-43052-JSGT,9781915443052,B01-GF-01-100005,GT,Jonathan Swift & Roy Mcmillan,JS,Benjamin Soames ,y,Live,2:19,http://voxblock.info/p/B01/GF/1/100005,Naxos,2,3,5,£10.99,£9.16,,9.99,5,12,Family Favourites,,,English,,£0,0.2,27/06/2022
100006,King Arthur And The Knights Of The Round Table,King Arthur And Knights Of The Round Table,BK-43069-BFKA,9781915443069,B01-GF-01-100006,KA,Benedict Flynn,BF,Sean Bean,y,Live,2:29,http://voxblock.info/p/B01/GF/1/100006,Naxos,2,3,5,£5.99,£4.99,Classic,5.99,5,12,Family Favourites,,,English,,£0,0.2,27/06/2022
100007,Oliver Twist: Retold For Younger Listeners,Oliver Twist: Retold For Younger Listeners,BK-43076-CDOT,9781915443076,B01-GF-01-100007,OT,Charles Dickens & Roy Mcmillan,CD,Jonathan Keeble,y,Live,2:23,http://voxblock.info/p/B01/GF/1/100007,Naxos,2,4,6,£7.99,£6.66,Classic,9.99,5,12,Family Favourites,,,English,,£0,0.2,27/06/2022
100008,Peter Pan,Peter Pan,BK-43083-JMPP,9781915443083,B01-GF-01-100008,PP,J.M. Barrie,JM,Samuel West,y,Live,2:31,http://voxblock.info/p/B01/GF/1/100008,Naxos,3,4,7,£5.99,£4.99,Classic,5.99,5,12,Family Favourites,Fairies & Unicorns,,English,,£0,0.2,27/06/2022
100009,Pinocchio,Pinocchio,BK-43090-CCPI,9781915443090,B01-GF-01-100009,PI,Carlo Collodi,CC,John Sessions,y,Live,2:38,http://voxblock.info/p/B01/GF/1/100009,Naxos,3,3,6,£11.99,£9.99,,9.99,5,12,Family Favourites,,,English,,£0,0.2,27/06/2022
100010,Robin Hood,Robin Hood,BK-43106-BFRH,9781915443106,B01-GF-01-100010,RH,Benedict Flynn,BF,John Mcandrew,y,Live,2:19,http://voxblock.info/p/B01/GF/1/100010,Naxos,2,3,5,£10.99,£9.16,,9.99,5,12,Family Favourites,,,English,,£0,0.2,27/06/2022
100011,Robinson Crusoe: Retold for Younger Listeners,Robinson Crusoe: Retold for Younger Listeners,BK-43113-DDRC,9781915443113,B01-GF-01-100011,RC,Daniel Defoe & Roy Mcmillan,DD,Jonathan Keeble,y,Live,2:19,http://voxblock.info/p/B01/GF/1/100011,Naxos,2,3,5,£10.99,£9.16,,9.99,5,12,Family Favourites,,,English,,£0,0.2,27/06/2022
100014,The Adventures Of Tom Sawyer,Adventures Of Tom Sawyer,BK-43144-MTTS,9781915443144,B01-GF-01-100014,TS,Mark Twain,MT,Garrick Hagon,y,Live,2:38,http://voxblock.info/p/B01/GF/1/100014,Naxos,3,4,7,£12.99,£10.83,,5.99,5,12,Family Favourites,Action & Adventure,,English,,£0,0.2,27/06/2022
100015,The Finest Nonsense Of Edward Lear (selections),Finest Nonsense Of Edward Lear (selections),BK-43151-ELFN,9781915443151,B01-GF-01-100015,FN,Edward Lear,EL,Derek Jacobi,y,Live,1:17,http://voxblock.info/p/B01/GF/1/100015,Naxos,2,3,5,£10.99,£9.16,,5.99,5,12,Family Favourites,,,English,,£0,0.2,27/06/2022
100016,The Jungle Book,Jungle Book,BK-43168-RKJB,9781915443168,B01-GF-01-100016,JB,Rudyard Kipling,RK,Madhav Sharma,y,Live,3:46,http://voxblock.info/p/B01/GF/1/100016,Naxos,3,4,7,£12.99,£10.83,,9.99,5,12,Family Favourites,,,English,,£0,0.2,27/06/2022
100017,The Phoenix And The Carpet,Phoenix And The Carpet,BK-43175-ENPC,9781915443175,B01-GF-01-100017,PC,Edith Nesbit,EN,Anna Bentinck,y,Live,2:38,http://voxblock.info/p/B01/GF/1/100017,Naxos,3,4,7,£12.99,£10.83,,5.99,5,12,Fantasy & Magic,Family Favourites,,English,,£0,0.2,27/06/2022
100018,The Railway Children,Railway Children,BK-43182-ENRC,9781915443182,B01-GF-01-100018,RC,Edith Nesbit,EN,Eve Karpf & Cast,y,Live,2:19,http://voxblock.info/p/B01/GF/1/100018,Naxos,2,4,6,£11.99,£9.99,,9.99,5,12,Family Favourites,,,English,,£0,0.2,27/06/2022
100019,The Secret Garden,Secret Garden,BK-43199-FHSG,9781915443199,B01-GF-01-100019,SG,Frances Hodgson Burnett,FH,Jenny Agutter,y,Live,2:37,http://voxblock.info/p/B01/GF/1/100019,Naxos,3,3,6,£11.99,£9.99,,9.99,5,12,Family Favourites,,,English,,£0,0.2,27/06/2022
100020,The Snow Queen & Other Stories,Snow Queen & Other Stories,BK-43205-HCSQ,9781915443205,B01-GF-01-100020,SQ,Hans Christian Andersen,HC,Clare Corbett,y,Live,2:04,http://voxblock.info/p/B01/GF/1/100020,Naxos,2,4,6,£11.99,£9.99,,9.99,5,12,Family Favourites,,,English,,£0,0.2,27/06/2022
100021,The Sword In The Stone,Sword In The Stone,BK-43212-THSS,9781915443212,B01-GF-01-100021,SS,T.H. White,TH,Neville Jason,y,Live,3:53,http://voxblock.info/p/B01/GF/1/100021,Naxos,3,3,6,£11.99,£9.99,,9.99,5,12,Family Favourites,,,English,,£0,0.2,27/06/2022
100022,The Wind In The Willows,Wind In The Willows,BK-43229-KGWW,9781915443229,B01-GF-01-100022,WW,Kenneth Grahame,KG,Martin Jarvis,y,Live,3:22,http://voxblock.info/p/B01/GF/1/100022,Naxos,3,4,7,£7.99,£6.66,Classic,9.99,5,12,Family Favourites,,,English,,£0,0.2,27/06/2022
100023,The Wonderful Wizard Of Oz,Wonderful Wizard Of Oz,BK-43236-FBWO,9781915443236,B01-GF-01-100023,WO,L. Frank Baum,FB,Liza Ross,y,Live,2:29,http://voxblock.info/p/B01/GF/1/100023,Naxos,2,3,5,£10.99,£9.16,,9.99,5,12,Family Favourites,,,English,,£0,0.2,27/06/2022
100024,Treasure Island,Treasure Island,BK-43243-RLTI,9781915443243,B01-GF-01-100024,TI,Robert Louis Stevenson,RL,Jasper Britton,y,Live,2:33,http://voxblock.info/p/B01/GF/1/100024,Naxos,3,4,7,£10.99,£9.16,,9.99,5,12,Family Favourites,,,English,,£0,0.2,27/06/2022
100025,What Katy Did,What Katy Did,BK-43250-SCWK,9781915443250,B01-GF-01-100025,WK,Susan Coolidge,SC,Laurel Lefkow,y,Live,2:25,http://voxblock.info/p/B01/GF/1/100025,Naxos,2,3,5,£10.99,£9.16,Series adjustment,9.99,5,12,Family Favourites,,,English,,£0,0.2,27/06/2022
100026,The Enchanted Wood,Enchanted Wood,BK-43267-EBEW,9781915443267,B01-GF-01-100026,EW,Enid Blyton,EB,Kate Winslet,y,Live,4:50,http://voxblock.info/p/B01/GF/1/100026,Hachette ,3,5,8,£13.99,£11.66,,13.99,5,10,Family Favourites,Fantasy & Magic,Fairies & Unicorns,English,,£220,0.25,27/06/2022
100027,The Magic Faraway Tree,Magic Faraway Tree,BK-43274-EBMF,9781915443274,B01-GF-01-100027,MF,Enid Blyton,EB,Kate Winslet,y,Live,3:46,http://voxblock.info/p/B01/GF/1/100027,Hachette ,3,5,8,£13.99,£11.66,,13.99,5,10,Family Favourites,Fantasy & Magic,Fairies & Unicorns,English,,£220,0.25,27/06/2022
100028,The Folk Of The Faraway Tree,Folk Of The Faraway Tree,BK-43281-EBFF,9781915443281,B01-GF-01-100028,FF,Enid Blyton,EB,Kate Winslet,y,Live,5:06,http://voxblock.info/p/B01/GF/1/100028,Hachette ,4,5,9,£13.99,£11.66,,13.99,5,10,Family Favourites,Fantasy & Magic,Fairies & Unicorns,English,,£220,0.25,27/06/2022
100029,The Adventures Of The Wishing-Chair,Adventures Of The Wishing-Chair,BK-43298-EBWC,9781915443298,B01-GF-01-100029,WC,Enid Blyton,EB,Sarah Ovens,y,Live,3:40,http://voxblock.info/p/B01/GF/1/100029,Hachette ,3,5,8,£13.99,£11.66,,13.99,5,10,Family Favourites,Fantasy & Magic,Fairies & Unicorns,English,,£220,0.25,27/06/2022
100030,The Wishing Chair Again,Wishing Chair Again,BK-43304-EBCA,9781915443304,B01-GF-01-100030,CA,Enid Blyton,EB,Sarah Ovens,y,Live,4:40,http://voxblock.info/p/B01/GF/1/100030,Hachette ,3,5,8,£13.99,£11.66,,13.99,5,10,Family Favourites,Fantasy & Magic,Fairies & Unicorns,English,,£220,0.25,27/06/2022
100031,More Wishing Chair Stories,More Wishing Chair Stories,BK-43311-EBCS,9781915443311,B01-GF-01-100031,CS,Enid Blyton,EB,Sarah Ovens,y,Live,2:57,http://voxblock.info/p/B01/GF/1/100031,Hachette ,3,5,8,£13.99,£11.66,,13.99,5,10,Family Favourites,Fantasy & Magic,Fairies & Unicorns,English,,£220,0.25,27/06/2022
100032,Bedtime Meditations For Kids,Bedtime Meditations For Kids,BK-43328-CKBM,9781915443328,B01-GF-01-100032,BM,Christiane Kerr,CK,Christiane Kerr,y,Live,0:51,http://voxblock.info/p/B01/GF/1/100032,Diviniti,1,2,3,£9.99,£8.33,Bedtime,9.99,3,12,Bedtime,Calm & Wellbeing,,English,,£0,1.5,27/06/2022
100033,Enchanted Meditations For Kids,Enchanted Meditations For Kids,BK-43335-CKEM,9781915443335,B01-GF-01-100033,EM,Christiane Kerr,CK,Christiane Kerr,y,Live,0:57,http://voxblock.info/p/B01/GF/1/100033,Diviniti,1,2,3,£9.99,£8.33,Bedtime,9.99,3,12,Bedtime,Calm & Wellbeing,Fairies & Unicorns,English,,£0,1.5,27/06/2022
100034,Mermaids And Fairy Dust,Mermaids And Fairy Dust,BK-43342-CKFD,9781915443342,B01-GF-01-100034,FD,Christiane Kerr,CK,Christiane Kerr,y,Live,0:57,http://voxblock.info/p/B01/GF/1/100034,Diviniti,1,2,3,£9.99,£8.33,Bedtime,9.99,3,12,Bedtime,Calm & Wellbeing,Fairies & Unicorns,English,,£0,1.5,27/06/2022
100035,Rays Of Calm,Rays Of Calm,BK-43359-CKRC,9781915443359,B01-GF-01-100035,RC,Christiane Kerr,CK,Christiane Kerr,y,Live,0:52,http://voxblock.info/p/B01/GF/1/100035,Diviniti,1,2,3,£9.99,£8.33,Bedtime,9.99,8,,Bedtime,Calm & Wellbeing,,English,,£0,1.5,27/06/2022
100036,Magical Adventures + Magical Me,Magical Adventures + Magical Me,BK-43366-HBMA,9781915443366,B01-GF-01-100036,MA,Heather Bestel,HB,Heather Bestel,y,Live,1:07,http://voxblock.info/p/B01/GF/1/100036,Diviniti,2,2,4,£9.99,£8.33,,9.99,3,8,Bedtime,Calm & Wellbeing,Fairies & Unicorns,English,,£0,1.5,27/06/2022
100037,The Magic Garden & The Magic Castle,Magic Garden & The Magic Castle,BK-43373-HBMC,9781915443373,B01-GF-01-100037,MC,Heather Bestel,HB,Heather Bestel,y,Live,1:07,http://voxblock.info/p/B01/GF/1/100037,Diviniti,2,2,4,£9.99,£8.33,,9.99,3,8,Bedtime,Calm & Wellbeing,Fairies & Unicorns,English,,£0,1.5,27/06/2022
100038,Get Me Out Of Here!,Get Me Out Of Here!,BK-43380-AMGM,9781915443380,B01-GF-01-100038,GM,Andy Mcnab,AM,Dan Bottomley,y,Live,3:31,http://voxblock.info/p/B01/GF/1/100038,Scholastic,3,3,6,£11.99,£9.99,,13.99,5,12,Action & Adventure,,,English,,£320,0.3,27/06/2022
100039,Can You See Me?,Can You See Me?,BK-43397-LSYS,9781915443397,B01-GF-01-100039,YS,"Libby Scott, Rebecca Westcott",LS,Imogen Wilde,y,Live,7:07,http://voxblock.info/p/B01/GF/1/100039,Scholastic,4,3,7,£12.99,£10.83,,13.99,8,12,Calm & Wellbeing,,,English,,£320,0.3,27/06/2022
100040,Escape The Rooms,Escape Rooms,BK-43403-SMER,9781915443403,B01-GF-01-100040,ER,Stephen Mangan,SM,Stephen Mangan,y,Live,3:24,http://voxblock.info/p/B01/GF/1/100040,Scholastic,3,3,6,£11.99,£9.99,,13.99,8,12,Action & Adventure,,,English,,£320,0.3,27/06/2022
100041,Fly High Crew: The Green Glow,Fly High Crew: Green Glow,BK-43410-BBHC,9781915443410,B01-GF-01-100041,HC,"Ashley Banjo, Jordan Banjo",BB,Theo Solomon,y,Live,5:10,http://voxblock.info/p/B01/GF/1/100041,Scholastic,4,3,7,£12.99,£10.83,,13.99,7,12,Action & Adventure,,,English,,£320,0.3,27/06/2022
100042,A Mole Like No Other,Mole Like No Other,BK-43427-ALML,9781915443427,B01-GF-01-100042,ML,Julia B Grantham,#N/A,Alison Larkin,y,Live,3:02,http://voxblock.info/p/B01/GF/1/100042,Alison Larkin,3,2,5,£10.99,£9.16,,11.99,3,8,Bedtime,Fantasy & Magic,,English,,£0,0.2,27/06/2022
100043,Ellie and the Cat,Ellie and the Cat,BK-43434-MBEC,9781915443434,B01-GF-01-100043,EC,Malorie Blackman,MB,Esme Sears,y,Live,1:06,http://voxblock.info/p/B01/GF/1/100043,Barrington Stoke,2,4,6,£11.99,£9.99,,11.99,5,8,Fantasy & Magic,,,English,,£220,0.2,27/06/2022
100044,Mina Mistry Investigates: The Case of the Disgusting School Dinners,Mina Mistry Investigates: Case of the Disgusting School Dinners,BK-43441-ALSD,9781915443441,B01-GF-01-100044,SD,Angie Lake,AL,Avita Jay,y,Live,1:32,http://voxblock.info/p/B01/GF/1/100044,Sweet Cherry,2,2,4,£9.99,£8.33,,11.99,5,8,Mysteries,,Favourite Characters,English,,£200,0.2,27/06/2022
100045,Mina Mistry Investigates: The Case of the Disappearing Pets,Mina Mistry Investigates: Case of the Disappearing Pets,BK-43458-ALDP,9781915443458,B01-GF-01-100045,DP,Angie Lake,AL,Claudia Campbell,y,Live,1:19,http://voxblock.info/p/B01/GF/1/100045,Sweet Cherry,2,2,4,£9.99,£8.33,,11.99,5,8,Mysteries,,Favourite Characters,English,,£200,0.2,27/06/2022
100046,Mina Mistry Investigates: The Case of the Bicycle Thief,Mina Mistry Investigates: Case of the Bicycle Thief,BK-43465-ALBT,9781915443465,B01-GF-01-100046,BT,Angie Lake,AL,Claudia Campbell,y,Live,1:24,http://voxblock.info/p/B01/GF/1/100046,Sweet Cherry,2,2,4,£9.99,£8.33,,11.99,5,8,Mysteries,,Favourite Characters,English,,£200,0.2,27/06/2022
100047,Maggie Sparks and the Monster Baby + Maggie Sparks and the Swimming Pool Sharks,Maggie Sparks and the Monster Baby + Maggie Sparks and the Swimming Pool Sharks,BK-43472-SSMS,9781915443472,B01-GF-01-100047,MS,Steve Smallman,SS,Vanessa Labrie,y,Live,1:10,http://voxblock.info/p/B01/GF/1/100047,Sweet Cherry,2,2,4,£9.99,£8.33,,11.99,3,8,Fantasy & Magic,,Favourite Characters,English,,£200,0.2,27/06/2022
100048,A Discovery Disappears,Discovery Disappears,BK-43489-PMDD,9781915443489,B01-GF-01-100048,DD,Pip Murphy,PM,Vanessa Labrie,y,Live,1:00,http://voxblock.info/p/B01/GF/1/100048,Sweet Cherry,2,2,4,£9.99,£8.33,,11.99,5,10,Mysteries,,,English,,£200,0.2,27/06/2022
100049,Of Mountains and Motors,Of Mountains and Motors,BK-43496-PMMM,9781915443496,B01-GF-01-100049,MM,Pip Murphy,PM,Vanessa Labrie,y,Live,1:00,http://voxblock.info/p/B01/GF/1/100049,Sweet Cherry,2,2,4,£9.99,£8.33,,11.99,5,10,Mysteries,,,English,,£200,0.2,27/06/2022
100050,Pippi Longstocking,Pippi Longstocking,BK-43502-ASPL,9781915443502,B01-GF-01-100050,PL,Astrid Lindgren,AS,Sandi Toksvig,y,Live,2:54,http://voxblock.info/p/B01/GF/1/100050,Astrid Lindgren,3,4,7,£12.99,£10.83,,13.99,3,12,Giggles and Belly-laughs,Favourite Characters,Short Stories,English,,£220,0.25,27/06/2022
100052,The Chime Seekers,Chime Seekers,BK-43526-RMCS,9781915443526,B01-GF-01-100052,CS,Ross Montgomery,RM,Chris Devon,y,Live,8:07,http://voxblock.info/p/B01/GF/1/100052,WF Howes,4,3,7,£12.99,£10.83,,13.99,8,12,Fantasy & Magic,,,English,,£200,0.2,27/06/2022
100053,Twitch,Twitch,BK-43533-MLTT,9781915443533,B01-GF-01-100053,TT,M.G Leonard,ML,M.G Leonard,y,Live,6:25,http://voxblock.info/p/B01/GF/1/100053,WF Howes,4,4,8,£13.99,£11.66,,13.99,8,12,Action & Adventure,,,English,,£200,0.2,27/06/2022
100054,Old Bear and Friends,Old Bear and Friends,BK-43540-JHOB,9781915443540,B01-GF-01-100054,OB,Jane Hissey,JH,Adjoa Andoh,y,Live,1:48,http://voxblock.info/p/B01/GF/1/100054,Cloudaloud,2,4,6,£11.99,£9.99,,11.99,3,8,Bedtime,Short Stories,Fantasy & Magic,English,,£200,0.2,27/06/2022
100055,Malamander,Malamander,BK-43557-TTMM,9781915443557,B01-GF-01-100055,MM,Thomas Taylor,TT,Alfie Allen,y,Live,5:05,http://voxblock.info/p/B01/GF/1/100055,WF Howes,4,3,7,£12.99,£10.83,,13.99,8,12,Fantasy & Magic,,,English,,£200,0.2,27/06/2022
100056,Agents of the Wild: Operation Honeyhunt,Agents of the Wild: Operation Honeyhunt,BK-43564-JAOH,9781915443564,B01-GF-01-100056,OH,Jennifer Bell & Alice Lickens,JA,Bronwen Price,y,Live,1:44,http://voxblock.info/p/B01/GF/1/100056,WF Howes,2,2,4,£9.99,£8.33,,11.99,5,12,Action & Adventure,Favourite Characters,,English,,£200,0.2,27/06/2022
100057,Kid Normal,Kid Normal,BK-43571-GCKN,9781915443571,B01-GF-01-100057,KN,Greg James and Chris Smith,GC,Greg James and Chris Smith,y,Live,6:21,http://voxblock.info/p/B01/GF/1/100057,WF Howes,4,3,7,£11.99,£9.99,,13.99,5,12,Action & Adventure,Fantasy & Magic,,English,,£200,0.2,27/06/2022
100058,Beetle Boy,Beetle Boy,BK-43588-MLBB,9781915443588,B01-GF-01-100058,BB,M.G Leonard,ML,M.G. Leonard,y,Live,7:17,http://voxblock.info/p/B01/GF/1/100058,WF Howes,4,4,8,£13.99,£11.66,,13.99,8,12,Giggles and Belly-laughs,,,English,,£200,0.2,27/06/2022
100059,Who Let the Gods Out?,Who Let the Gods Out?,BK-43595-MELG,9781915443595,B01-GF-01-100059,LG,Maz Evans,ME,Maz Evans,y,Live,7:16,http://voxblock.info/p/B01/GF/1/100059,WF Howes,4,3,7,£12.99,£10.83,,13.99,8,12,Action & Adventure,,,English,,£200,0.2,27/06/2022
100060,The Boy Who Made Everyone Laugh,Boy Who Made Everyone Laugh,BK-43601-HRBL,9781915443601,B01-GF-01-100060,BL,Helen Rutter,HR,Helen Rutter,y,Live,6:56,http://voxblock.info/p/B01/GF/1/100060,WF Howes,4,2,6,£11.99,£9.99,,13.99,8,12,Giggles and Belly-laughs,,,English,,£200,0.2,27/06/2022
100062,Voyage of the Sparrowhawk,Voyage of the Sparrowhawk,BK-43625-NFVS,9781915443625,B01-GF-01-100062,VS,Natasha Farrant,NF,Deryn Oliver,y,Live,6:54,http://voxblock.info/p/B01/GF/1/100062,WF Howes,4,2,6,£11.99,£9.99,,13.99,8,12,Action & Adventure,,,English,,£200,0.2,27/06/2022
100063,The Shark Caller,Shark Caller,BK-43632-ZBSC,9781915443632,B01-GF-01-100063,SC,Zillah Bethell,ZB,Kathryn Drysdale,y,Live,8:29,http://voxblock.info/p/B01/GF/1/100063,WF Howes,4,2,6,£11.99,£9.99,,13.99,8,12,Action & Adventure,,,English,,£200,0.2,27/06/2022
100074,Lost on Infinity - Rockford's Rock Opera,Lost on Infinity - Rockford's Rock Opera,BK-43748-MSLI,9781915443748,B01-GF-01-100074,LI,"Matthew Sweetapple, Steve Punt, Elaine Sweetapple",MS,"Matthew Sweetapple, Steve Punt, Elaine Sweetapple & Cast",y,Live,2:34,http://voxblock.info/p/B01/GF/1/100074,Sweet Apple Ltd,2,2,4,£9.99,£8.33,,9.99,5,12,Fantasy & Magic,Music & Musical Stories ,Dinosaurs & Dragons,English,,£200,0.2,27/06/2022
100075,Pippi Longstocking Goes Aboard,Pippi Longstocking Goes Aboard,BK-43755-ASGA,9781915443755,B01-GF-01-100075,GA,Astrid Lindgren,AS,Sandi Toksvig,y,Live,2:37,http://voxblock.info/p/B01/GF/1/100075,Astrid Lindgren,3,4,7,£12.99,£10.83,,13.99,3,12,Giggles and Belly-laughs,Favourite Characters,Short Stories,English,,£220,0.25,27/06/2022
100076,Pippi Longstocking in the South Seas,Pippi Longstocking in the South Seas,BK-43762-ASSS,9781915443762,B01-GF-01-100076,SS,Astrid Lindgren,AS,Sandi Toksvig,y,Live,2:27,http://voxblock.info/p/B01/GF/1/100076,Astrid Lindgren,2,4,6,£12.99,£10.83,Series adjustment,13.99,3,12,Giggles and Belly-laughs,Favourite Characters,Short Stories,English,,£220,0.25,27/06/2022
100093,Horrid Henry and Friends,Horrid Henry and Friends,BK-43939-LWHF,9781915443939,B01-GF-01-100093,HF,Lucinda Whiteley,LW,Original Television Cast,y,Live,1:03,http://voxblock.info/p/B01/GF/1/100093,Novel Entertainment,2,4,6,£11.99,£9.99,,11.99,5,8,Giggles and Belly-laughs,Favourite Characters,Short Stories,English,,£200,0.2,27/06/2022
100094,Horrid Henry's Perfect Pet Tales,Horrid Henry's Perfect Pet Tales,BK-43946-LWPT,9781915443946,B01-GF-01-100094,PT,Lucinda Whiteley,LW,Original Television Cast,y,Live,1:00,http://voxblock.info/p/B01/GF/1/100094,Novel Entertainment,2,4,6,£11.99,£9.99,,11.99,5,8,Giggles and Belly-laughs,Favourite Characters,Short Stories,English,,£200,0.2,27/06/2022
100095,Horrid Henry's Super School Stories,Horrid Henry's Super School Stories,BK-43953-LWSS,9781915443953,B01-GF-01-100095,SS,Lucinda Whiteley,LW,Original Television Cast,y,Live,0:58,http://voxblock.info/p/B01/GF/1/100095,Novel Entertainment,1,4,5,£11.99,£9.99,Series adjustment,11.99,5,8,Giggles and Belly-laughs,Favourite Characters,Short Stories,English,,£200,0.2,27/06/2022
100133,Tales from the Norse Legends,Tales from the Norse Legends,BK-82230-EFNL,9781915982230,B01-GF-01-100133,NL,Edward Ferrie,EF,Benjamin Soames,y,Live,2:39,http://voxblock.info/p/B01/GF/1/100133,Naxos,3,2,5,£10.99,£9.16,,9.99,5,12,Family Favourites,Short Stories,Fantasy & Magic,English,,£0,0.2,27/06/2022
100161,Alex Rider : Skeleton Key,Alex Rider : Skeleton Key,BK-82513-AHSK,9781915982513,B01-GF-01-100161,SK,Anthony Horowitz,AH,Oliver Chris,y,Live,6:59,http://voxblock.info/p/B01/GF/1/100161,WF Howes,4,5,9,£13.99,£11.66,,11.99,8,12,Action & Adventure,Favourite Characters,,English,,£200,0.2,27/06/2022
100064,The Boy Who Grew Dragons,Boy Who Grew Dragons,BK-43649-ASGD,9781915443649,B01-GF-01-100064,GD,Andy Shepherd,AS,Ewan Goddard,y,Live,3:08,http://voxblock.info/p/B01/GF/1/100064,Bonnier,3,3,6,£11.99,£9.99,,13.99,5,12,Dinosaurs & Dragons,Action & Adventure,,English,,£220,0.25,24/08/2022
100065,The Boy Who Lived with Dragons,Boy Who Lived with Dragons,BK-43656-ASLD,9781915443656,B01-GF-01-100065,LD,Andy Shepherd,AS,Ewan Goddard,y,Live,3:25,http://voxblock.info/p/B01/GF/1/100065,Bonnier,3,3,6,£11.99,£9.99,,13.99,5,12,Dinosaurs & Dragons,Action & Adventure,,English,,£220,0.25,24/08/2022
100066,The Boy Who Flew with Dragons,Boy Who Flew with Dragons,BK-43663-ASFD,9781915443663,B01-GF-01-100066,FD,Andy Shepherd,AS,Ewan Goddard,y,Live,3:41,http://voxblock.info/p/B01/GF/1/100066,Bonnier,3,3,6,£11.99,£9.99,,13.99,5,12,Dinosaurs & Dragons,Action & Adventure,,English,,£220,0.25,24/08/2022
100067,Hotel Flamingo,Hotel Flamingo,BK-43670-AMHF,9781915443670,B01-GF-01-100067,HF,Alex Milway,AM,Sarah Ovens,y,Live,1:13,http://voxblock.info/p/B01/GF/1/100067,Bonnier,2,2,4,£9.99,£8.33,,11.99,3,10,Giggles and Belly-laughs,,,English,,£270,0.25,24/08/2022
100068,Hotel Flamingo: Holiday Heatwave,Hotel Flamingo: Holiday Heatwave,BK-43687-AMHH,9781915443687,B01-GF-01-100068,HH,Alex Milway,AM,Sarah Ovens,y,Live,1:22,http://voxblock.info/p/B01/GF/1/100068,Bonnier,2,2,4,£9.99,£8.33,,11.99,3,10,Giggles and Belly-laughs,,,English,,£270,0.25,24/08/2022
100069,Hotel Flamingo: Carnival Caper,Hotel Flamingo: Carnival Caper,BK-43694-AMCC,9781915443694,B01-GF-01-100069,CC,Alex Milway,AM,Sarah Ovens,y,Live,1:24,http://voxblock.info/p/B01/GF/1/100069,Bonnier,2,2,4,£9.99,£8.33,,11.99,3,10,Giggles and Belly-laughs,,,English,,£270,0.25,24/08/2022
100070,Hotel Flamingo: Fabulous Feast,Hotel Flamingo: Fabulous Feast,BK-43700-AMFF,9781915443700,B01-GF-01-100070,FF,Alex Milway,AM,Sarah Ovens,y,Live,1:29,http://voxblock.info/p/B01/GF/1/100070,Bonnier,2,2,4,£9.99,£8.33,,11.99,3,10,Giggles and Belly-laughs,,,English,,£270,0.25,24/08/2022
100071,Cookie! and the Most Annoying Boy in the World,Cookie! and the Most Annoying Boy in the World,BK-43717-KHAB,9781915443717,B01-GF-01-100071,AB,Konnie Huq,KH,Konnie Huq,y,Live,3:06,http://voxblock.info/p/B01/GF/1/100071,Bonnier,3,4,7,£12.99,£10.83,,13.99,7,12,Giggles and Belly-laughs,Favourite Characters,,English,,£220,0.25,24/08/2022
100072,Cookie! and the Most Annoying Girl in the World,Cookie! and the Most Annoying Girl in the World,BK-43724-KHAG,9781915443724,B01-GF-01-100072,AG,Konnie Huq,KH,Konnie Huq,y,Live,3:25,http://voxblock.info/p/B01/GF/1/100072,Bonnier,3,4,7,£12.99,£10.83,,13.99,7,12,Giggles and Belly-laughs,Favourite Characters,,English,,£220,0.25,24/08/2022
100073,Cookie! And the Most Mysterious Mystery in the World,Cookie! And the Most Mysterious Mystery in the World,BK-43731-KHMM,9781915443731,B01-GF-01-100073,MM,Konnie Huq,KH,Konnie Huq,y,Live,2:54,http://voxblock.info/p/B01/GF/1/100073,Bonnier,3,4,7,£12.99,£10.83,,13.99,7,12,Giggles and Belly-laughs,Favourite Characters,Mysteries,English,,£220,0.25,24/08/2022
100081,The Dragon in the Library,Dragon in the Library,BK-43816-LSDL,9781915443816,B01-GF-01-100081,DL,Louie Stowell,LS,Rosie Jones,y,Live,3:25,http://voxblock.info/p/B01/GF/1/100081,Nosy Crow,3,2,5,£10.99,£9.16,,13.99,5,12,Fantasy & Magic,Dinosaurs & Dragons,,English,,£200,0.2,24/08/2022
100082,My Brother is a Superhero,My Brother is a Superhero,BK-43823-DSBS,9781915443823,B01-GF-01-100082,BS,David Solomons,DS,Joe Thomas,y,Live,5:58,http://voxblock.info/p/B01/GF/1/100082,Nosy Crow,4,3,7,£12.99,£10.83,,13.99,7,12,Giggles and Belly-laughs,Favourite Characters,,English,,£200,0.2,24/08/2022
100083,Heidi,Heidi,BK-43830-JJHI,9781915443830,B01-GF-01-100083,HI,Johanna Spyri & Jeanne Willis,JJ,Juliet Stevenson,y,Live,1:18,http://voxblock.info/p/B01/GF/1/100083,Nosy Crow,2,3,5,£10.99,£9.16,,11.99,3,8,Family Favourites,,,English,,£200,0.2,24/08/2022
100084,Shifty McGifty and Slippery Sam: The Spooky School,Shifty McGifty and Slippery Sam: Spooky School,BK-43847-TCSS,9781915443847,B01-GF-01-100084,SS,Tracey Corderoy,TC,Rosie Jones,y,Live,0:43,http://voxblock.info/p/B01/GF/1/100084,Nosy Crow,1,3,4,£9.99,£8.33,,11.99,3,8,Giggles and Belly-laughs,,,English,,£200,0.2,24/08/2022
100085,Shifty McGifty and Slippery Sam: Jingle Bells,Shifty McGifty and Slippery Sam: Jingle Bells,BK-43854-TCJB,9781915443854,B01-GF-01-100085,JB,Tracey Corderoy,TC,Rosie Jones,y,Seasonal,0:42,http://voxblock.info/p/B01/GF/1/100085,Nosy Crow,1,3,4,£9.99,£8.33,,11.99,3,8,Giggles and Belly-laughs,Favourite Characters,,English,,£200,0.2,24/08/2022
100090,Unicorn Academy: Sophia and Rainbow,Unicorn Academy: Sophia and Rainbow,BK-43908-JSSR,9781915443908,B01-GF-01-100090,SR,Julie Sykes,JS,Kristin Atherton,y,Live,1:29,http://voxblock.info/p/B01/GF/1/100090,Nosy Crow,2,2,4,£9.99,£8.33,,11.99,3,8,Fantasy & Magic,Fairies & Unicorns,,English,,£200,0.2,24/08/2022
100098,Featherlight,Featherlight,BK-43984-PBFL,9781915443984,B01-GF-01-100098,FL,Peter Bunzl,PB,Rowena Gray,y,Live,1:06,http://voxblock.info/p/B01/GF/1/100098,Barrington Stoke,2,2,4,£9.99,£8.33,,11.99,5,12,Fantasy & Magic,,,English,,£220,0.2,24/08/2022
100099,Run Wild,Run Wild,BK-43991-GLRW,9781915443991,B01-GF-01-100099,RW,Gill Lewis,GL,Una Byrne,,Live,1:34,http://voxblock.info/p/B01/GF/1/100099,Barrington Stoke,2,3,5,£10.99,£9.16,,11.99,8,12,Action & Adventure,,,English,,£220,0.2,24/08/2022
100078,The Butterfly Lion,Butterfly Lion,BK-43786-MMBL,9781915443786,B01-GF-01-100078,BL,Michael Morpurgo,MM,Michael Morpurgo & Virginia McKenna,y,Live,1:33,http://voxblock.info/p/B01/GF/1/100078,HarperCollins,2,5,7,£12.99,£10.83,,13.99,5,12,Family Favourites,,,English,,£200,0.2,25/08/2022
100080,Little Wolf's Book of Badness,Little Wolf's Book of Badness,BK-43809-IWLW,9781915443809,B01-GF-01-100080,LW,Ian Whybrow,IW,Griff Rhys Jones,y,Live,1:33,http://voxblock.info/p/B01/GF/1/100080,HarperCollins,2,4,6,£9.99,£8.33,,11.99,3,8,Giggles and Belly-laughs,,,English,,£200,0.2,25/08/2022
100102,A Christmas Carol,Christmas Carol,BK-93626-CDCC,9781739693626,B01-GF-01-100102,CC,Charles Dickens,CD,Ethan Kelly,y,Seasonal,0:27,http://voxblock.info/p/B01/GF/1/100102,Sweet Cherry ,1,3,4,£5.99,£4.99,Classic,5.99,5,12,Family Favourites,,,English,,£100,0.2,06/10/2022
100104,The Real Family Christmas,Real Family Christmas,BK-93640-SMRF,9781739693640,B01-GF-01-100104,RF,Sue Mongredien,SM,Chris Devon,y,Seasonal,2:58,http://voxblock.info/p/B01/GF/1/100104,WF Howes,3,2,5,£10.99,£9.16,,13.99,3,12,Seasonal,,,English,,£200,0.2,06/10/2022
100079,Kensuke's Kingdom,Kensuke's Kingdom,BK-43793-MMKK,9781915443793,B01-GF-01-100079,KK,Michael Morpurgo,MM,Derek Jacobi,y,Live,3:20,http://voxblock.info/p/B01/GF/1/100079,HarperCollins,3,5,8,£13.99,£11.66,,13.99,8,12,Action & Adventure,,,English,,£200,0.2,11/11/2022
100103,The Polar Bear Explorers Club,Polar Bear Explorers Club,BK-93633-ABPB,9781739693633,B01-GF-01-100103,PB,Alex Bell,AB,Dan Bottomley,y,Live,6:13,http://voxblock.info/p/B01/GF/1/100103,WF Howes,4,3,7,£12.99,£10.83,,13.99,8,12,Action & Adventure,,,English,,£200,0.2,11/11/2022
100105,The Tale of Benjamin Bunny and Other Stories,Tale of Benjamin Bunny and Other Stories,BK-93657-BPBB,9781739693657,B01-GF-01-100105,BB,Beatrix Potter,BP,Joan Walker,y,Live,1:14,http://voxblock.info/p/B01/GF/1/100105,Dreamscape,2,5,7,£11.99,£9.99,Bedtime and big name,9.99,3,8,Bedtime,Family Favourites,Favourite Characters,English,,£66,0.2,11/11/2022
100106,The Tale of Peter Rabbit and Other Stories,Tale of Peter Rabbit and Other Stories,BK-93664-BPPR,9781739693664,B01-GF-01-100106,PR,Beatrix Potter,BP,Joan Walker,y,Live,1:13,http://voxblock.info/p/B01/GF/1/100106,Dreamscape,2,5,7,£11.99,£9.99,Bedtime and big name,9.99,3,8,Bedtime,Family Favourites,Favourite Characters,English,,£67,0.2,11/11/2022
100107,The Tale of Mrs Tiggy Winkle and Other Stories,Tale of Mrs Tiggy Winkle and Other Stories,BK-93671-BPTW,9781739693671,B01-GF-01-100107,TW,Beatrix Potter,BP,Joan Walker,y,Live,1:11,http://voxblock.info/p/B01/GF/1/100107,Dreamscape,2,5,7,£11.99,£9.99,Bedtime and big name,9.99,3,8,Bedtime,Family Favourites,Favourite Characters,English,,£67,0.2,11/11/2022
100108,Christmas Tales,Christmas Tales,BK-93688-EBCT,9781739693688,B01-GF-01-100108,CT,Enid Blyton,EB,Alex Wingfield and Nicky Diss,y,Seasonal,1:05,http://voxblock.info/p/B01/GF/1/100108,Hachette ,2,5,7,£12.99,£10.83,,9.99,3,12,Family Favourites,Fantasy & Magic,Short Stories,English,,£220,0.25,11/11/2022
100109,A Bear Called Paddington,Bear Called Paddington,BK-93695-MBBP,9781739693695,B01-GF-01-100109,BP,Michael Bond,MB,Stephen Fry,y,Live,2:39,http://voxblock.info/p/B01/GF/1/100109,HarperCollins,3,5,8,£13.99,£11.66,,13.99,3,8,Family Favourites,Favourite Characters,,English,,£200,0.2,11/11/2022
100000,Horrible Histories: Rotten Romans,Horrible Histories: Rotten Romans,BK-43007-TDRR,9781915443007,B01-GF-01-100000,RR,Terry Deary,TD,Terry Deary,y,Live,1:01,http://voxblock.info/p/B01/GF/1/100000,Scholastic,2,4,6,£11.99,£9.99,,11.99,7,12,Facts & Learning,,,English,,£250,0.3,17/03/2023
100091,Horrible Histories: Woeful Second World War,Horrible Histories: Woeful Second World War,BK-43915-TDWS,9781915443915,B01-GF-01-100091,WS,Terry Deary,TD,Terry Deary,,Live,1:00,http://voxblock.info/p/B01/GF/1/100091,Scholastic,2,4,6,£11.99,£9.99,,11.99,7,12,Facts & Learning,,,English,,£250,0.3,17/03/2023
100092,Horrible Histories: Terrible Tudors,Horrible Histories: Terrible Tudors,BK-43922-TDTT,9781915443922,B01-GF-01-100092,TT,Terry Deary,TD,Terry Deary,y,Live,0:56,http://voxblock.info/p/B01/GF/1/100092,Scholastic,1,4,5,£11.99,£9.99,Series adjustment,11.99,7,12,Facts & Learning,,,English,,£250,0.3,17/03/2023
100096,Horrible Histories: Vile Victorians,Horrible Histories: Vile Victorians,BK-43960-TDVV,9781915443960,B01-GF-01-100096,VV,Terry Deary,TD,Terry Deary,y,Live,1:02,http://voxblock.info/p/B01/GF/1/100096,Scholastic,2,4,6,£11.99,£9.99,,11.99,7,12,Facts & Learning,,,English,,£250,0.3,17/03/2023
100100,Zombierella,Zombierella,BK-93602-JCZA,9781739693602,B01-GF-01-100100,ZA,Joseph Coelho,JC,Joseph Coelho,y,Live,0:53,http://voxblock.info/p/B01/GF/1/100100,WF Howes,1,4,5,£10.99,£9.16,,11.99,8,12,Fantasy & Magic,,,English,,£200,0.2,17/03/2023
100101,Frankenstiltskin,Frankenstiltskin,BK-93619-JCFN,9781739693619,B01-GF-01-100101,FN,Joseph Coelho,JC,Joseph Coelho,y,Live,1:26,http://voxblock.info/p/B01/GF/1/100101,WF Howes,2,4,6,£11.99,£9.99,,11.99,8,12,Fantasy & Magic,,,English,,£200,0.2,17/03/2023
100121,Swan Lake,Swan Lake,BK-82117-TKSL,9781915982117,B01-GF-01-100121,SL,Tchaikovsky,TK,Angela Rippon,,Live,0:59,http://voxblock.info/p/B01/GF/1/100121,Naxos,1,3,4,£5.99,£4.99,Education,7.99,3,12,Music & Musical Stories ,,,English,,£0,0.2,20/03/2023
100122,The Nutcracker / Christmas Eve,Nutcracker / Christmas Eve,BK-82124-TRTN,9781915982124,B01-GF-01-100122,TN,Tchaikovsky/Rimsky-Korsakov,TR,Prunella Scales,,Live,1:05,http://voxblock.info/p/B01/GF/1/100122,Naxos,2,3,5,£5.99,£4.99,Series adjustment,7.99,3,12,Music & Musical Stories ,,,English,,£0,0.2,20/03/2023
100123,Carnival of the Animals / Mother Goose,Carnival of the Animals / Mother Goose,BK-82131-SRCA,9781915982131,B01-GF-01-100123,CA,Saint-Saens / Ravel,SR,Johnny Morris,,Live,1:07,http://voxblock.info/p/B01/GF/1/100123,Naxos,2,3,5,£5.99,£4.99,Education,7.99,3,12,Music & Musical Stories ,,,English,,£0,0.2,20/03/2023
100124,One Thousand And One Nights,One Thousand And One Nights,BK-82148-ROOT,9781915982148,B01-GF-01-100124,OT,Rimsky-Korsakov,RO,Bernard Cribbins,,Live,1:19,http://voxblock.info/p/B01/GF/1/100124,Naxos,2,3,5,£5.99,£4.99,Education,7.99,8,12,Music & Musical Stories ,,,English,,£0,0.2,20/03/2023
100125,My First Tchaikovsky Album,My First Tchaikovsky Album,BK-82155-TKTA,9781915982155,B01-GF-01-100125,TA,Tchaikovsky,TK,Pyotr Ily'ich Tchaikovsky,y,Live,1:19,http://voxblock.info/p/B01/GF/1/100125,Naxos,2,3,5,£10.99,£9.16,,7.99,3,8,Music & Musical Stories ,,,English,,£0,0.2,20/03/2023
100126,My First Mozart Album,My First Mozart Album,BK-82162-MZMA,9781915982162,B01-GF-01-100126,MA,Mozart,MZ,Wolfgang Amadeus Mozart,y,Live,1:19,http://voxblock.info/p/B01/GF/1/100126,Naxos,2,3,5,£10.99,£9.16,,7.99,3,8,Music & Musical Stories ,,,English,,£0,0.2,20/03/2023
100127,My First Beethoven Album,My First Beethoven Album,BK-82179-BHBA,9781915982179,B01-GF-01-100127,BA,Beethoven,BH,Ludwig van Beethoven,y,Live,1:18,http://voxblock.info/p/B01/GF/1/100127,Naxos,2,3,5,£10.99,£9.16,,7.99,3,8,Music & Musical Stories ,,,English,,£0,0.2,20/03/2023
100117,The Great Gatsby ,Great Gatsby ,BK-82070-SFGG,9781915982070,B01-GF-01-100117,GG,F. Scott Fitzgerald,SF,William Hope,y,Live,05:39,http://voxblock.info/p/B01/GF/1/100117,Naxos,,,,£15.99,£13.33,,15.99,12,,,,,English,,£0,0.2,27/03/2023
100118,Around the World in Eighty Days,Around the World in Eighty Days,BK-82087-JVAW,9781915982087,B01-GF-01-100118,AW,Jules Verne,JV,Bill Homewood,,Live,07:39,http://voxblock.info/p/B01/GF/1/100118,Naxos,,,,£15.99,£13.33,,15.99,12,,,,,English,,£0,0.2,27/03/2023
100089,War and Peace ,War and Peace ,BK-43892-LTWP,9781915443892,B01-GF-01-100089,WP,Leo Tolstoy,LT,Neville Jason,y,Live,5:10,http://voxblock.info/p/B01/GF/1/100089,Naxos,,,,£15.99,£13.33,,15,12,,,,,English,,£0,0.2,29/03/2023
100097,Pygmalion ,Pygmalion ,BK-43977-GSPM,9781915443977,B01-GF-01-100097,PM,George Bernard Shaw,GS,"Anton Lesser, Lucy Whybrow",y,Live,02:37,http://voxblock.info/p/B01/GF/1/100097,Naxos,,,,£15.99,£13.33,,£15.00,12,,,,,English,,£0,0.2,29/03/2023
100112,Life & Works – Wolfgang Amadeus Mozart ,Life & Works – Wolfgang Amadeus Mozart ,BK-82025-JILM,9781915982025,B01-GF-01-100112,LM,Jeremy Siepmann,JI,Jeremy Siepmann,y,Live,04:53,http://voxblock.info/p/B01/GF/1/100112,Naxos,,,,£15.99,£13.33,,15.99,12,,,,,English,,£0,0.2,29/03/2023
100115,Three Men in a Boat ,Three Men in a Boat ,BK-82056-JKTM,9781915982056,B01-GF-01-100115,TM,Jerome K. Jerome,JK,Martin Jarvis,y,Live,06:35,http://voxblock.info/p/B01/GF/1/100115,Naxos,,,,£15.99,£13.33,,15.99,12,,,,,English,,£0,0.2,29/03/2023
100087,Walking Tracks,Walking Tracks,BK-43878-VBWT,9781915443878,B01-GF-01-100087,WT,Voxblock,VB,N/A,y,Live,1:20,http://voxblock.info/p/B01/GF/1/100087,Dr. Ir. Stephane Pigeon,2,2,4,£5.99,£4.99,Bedtime,5.99,3,12,Bedtime,Calm & Wellbeing,,English,,£0,0,31/03/2023
100136,How I Became a Dog Called Midnight,How I Became a Dog Called Midnight,BK-82261-BMDM,9781915982261,B01-GF-01-100136,DM,Ben Miller,BM,Ben Miller,y,Live,3:47,http://voxblock.info/p/B01/GF/1/100136,Simon & Schuster,3,4,7,£12.99,£10.83,,13.99,7,12,Fantasy & Magic,,,English,,£200,0.2,24/05/2023
100137,The Boy Who Made the World Disappear,Boy Who Made the World Disappear,BK-82278-BMWD,9781915982278,B01-GF-01-100137,WD,Ben Miller,BM,Ben Miller,y,Live,2:48,http://voxblock.info/p/B01/GF/1/100137,Simon & Schuster,3,4,7,£12.99,£10.83,,13.99,7,12,Fantasy & Magic,,,English,,£200,0.2,24/05/2023
100138,The Day I Fell into a Fairytale,Day I Fell into a Fairytale,BK-82285-BMFF,9781915982285,B01-GF-01-100138,FF,Ben Miller,BM,Ben Miller,y,Live,3:08,http://voxblock.info/p/B01/GF/1/100138,Simon & Schuster,3,4,7,£12.99,£10.83,,13.99,7,12,Fantasy & Magic,,,English,,£200,0.2,24/05/2023
100139,Shadowghast,Shadowghast,BK-82292-TTSG,9781915982292,B01-GF-01-100139,SG,Thomas Taylor,TT,Mathew Horne,y,Live,6:36,http://voxblock.info/p/B01/GF/1/100139,WF Howes,4,3,7,£12.99,£10.83,,13.99,8,12,Action & Adventure,,,English,,£200,0.2,26/05/2023
100140,Gargantis,Gargantis,BK-82308-TTGG,9781915982308,B01-GF-01-100140,GG,Thomas Taylor,TT,Russel Tovey,y,Live,7:06,http://voxblock.info/p/B01/GF/1/100140,WF Howes,4,3,7,£12.99,£10.83,,13.99,8,12,Fantasy & Magic,,,English,,£200,0.2,26/05/2023
100012,Tales From The Greek Legends,Tales From Greek Legends,BK-43120-EFGL,9781915443120,B01-GF-01-100012,GL,Edward Ferrie,EF,Benjamin Soames,y,Live,2:39,http://voxblock.info/p/B01/GF/1/100012,Naxos,3,2,5,£10.99,£9.16,,9.99,5,12,Family Favourites,Short Stories,Fantasy & Magic,English,,£0,0.2,29/05/2023
100128,The Vikings,Vikings,BK-82186-DATV,9781915982186,B01-GF-01-100128,TV,David Angus,DA,Joe Marsh,y,Live,2:25,http://voxblock.info/p/B01/GF/1/100128,Naxos,2,2,4,£9.99,£8.33,,9.99,5,12,Facts & Learning,,,English,,£0,0.2,29/05/2023
100129,Ancient Egypt – The Glory of the Pharaohs,Ancient Egypt – Glory of the Pharaohs,BK-82193-DAGP,9781915982193,B01-GF-01-100129,GP,David Angus,DA,Nicholas Boulton,y,Live,2:26,http://voxblock.info/p/B01/GF/1/100129,Naxos,2,2,4,£7.99,£6.66,Education,7.99,5,12,Facts & Learning,,,English,,£0,0.2,29/05/2023
100130,Pirates!,Pirates!,BK-82209-RNPI,9781915982209,B01-GF-01-100130,PI,Roy McMillan,RN,Jasper Britton,y,Live,2:38,http://voxblock.info/p/B01/GF/1/100130,Naxos,3,2,5,£7.99,£6.66,Learning,7.99,5,12,Facts & Learning,,,English,,£0,0.2,29/05/2023
100131,The Planets and The Solar System,Planets and The Solar System,BK-82216-JGPS,9781915982216,B01-GF-01-100131,PS,Jen Green,JG,Ruth Sillers,y,Live,2:39,http://voxblock.info/p/B01/GF/1/100131,Naxos,3,2,5,£7.99,£6.66,Learning,7.99,5,12,Facts & Learning,,,English,,£0,0.2,29/05/2023
100132,Dinosaurs,Dinosaurs,BK-82223-JGDI,9781915982223,B01-GF-01-100132,DI,Jen Green,JG,Benjamin Soames,y,Live,2:34,http://voxblock.info/p/B01/GF/1/100132,Naxos,3,2,5,£7.99,£6.66,Learning,7.99,3,12,Facts & Learning,Dinosaurs & Dragons,,English,,£0,0.2,29/05/2023
100134,Great Inventors and their Inventions,Great Inventors and their Inventions,BK-82247-DAGI,9781915982247,B01-GF-01-100134,GI,David Angus,DA,Benjamin Soames,y,Live,2:33,http://voxblock.info/p/B01/GF/1/100134,Naxos,3,2,5,£5.99,£4.99,Learning,5.99,5,12,Facts & Learning,,,English,,£0,0.2,29/05/2023
100141,Beyond the Odyssey,Beyond the Odyssey,BK-82315-MEBO,9781915982315,B01-GF-01-100141,BO,Maz Evans,ME,Maz Evans,y,Live,6:42,http://voxblock.info/p/B01/GF/1/100141,WF Howes,4,3,7,£12.99,£10.83,,13.99,8,12,Action & Adventure,,,English,,£200,0.2,29/05/2023
100142,Simply the Quest,Simply the Quest,BK-82322-MESQ,9781915982322,B01-GF-01-100142,SQ,Maz Evans,ME,Maz Evans,y,Live,6:59,http://voxblock.info/p/B01/GF/1/100142,WF Howes,4,3,7,£12.99,£10.83,,13.99,8,12,Action & Adventure,,,English,,£200,0.2,29/05/2023
100143,Against All Gods,Against All Gods,BK-82339-MEAG,9781915982339,B01-GF-01-100143,AG,Maz Evans,ME,Maz Evans,y,Live,5:42,http://voxblock.info/p/B01/GF/1/100143,WF Howes,4,3,7,£12.99,£10.83,,13.99,8,12,Action & Adventure,,,English,,£200,0.2,29/05/2023
100135,Grimwood,Grimwood,BK-82254-NSGR,9781915982254,B01-GF-01-100135,GR,Nadia Shireen,NS,Adam Buxton,y,Live,2:37,http://voxblock.info/p/B01/GF/1/100135,Simon & Schuster,3,3,6,£11.99,£9.99,,13.99,5,10,Giggles and Belly-laughs,,,English,,£200,0.2,09/06/2023
100144,Fairy Tales For You,Fairy Tales For You,BK-82346-MBFY,9781915982346,B01-GF-01-100144,FY,Mike Bennett,MB,Rik Mayall and Others,y,Live,03:49,http://voxblock.info/p/B01/GF/1/100144,One Media,3,2,5,£10.99,£9.16,,,3,8,Bedtime,Short Stories,Fantasy & Magic,English,,£200,0.2,03/07/2023
100051,Alex Rider : Secret Weapon,Alex Rider : Secret Weapon,BK-43519-AHAR,9781915443519,B01-GF-01-100051,AR,Anthony Horowitz,AH,Rupert Degas,y,Live,7:46,http://voxblock.info/p/B01/GF/1/100051,WF Howes,4,5,9,£13.99,£11.66,,13.99,8,12,Action & Adventure,Favourite Characters,,English,,£200,0.2,17/07/2023
100160,Alex Rider : Point Blanc,Alex Rider : Point Blanc,BK-82506-AHPB,9781915982506,B01-GF-01-100160,PB,Anthony Horowitz,AH,Oliver Chris,y,Live,5:40,http://voxblock.info/p/B01/GF/1/100160,WF Howes,4,5,9,£13.99,£11.66,,11.99,8,12,Action & Adventure,Favourite Characters,,English,,£200,0.2,17/07/2023
100164,Harry and the Dinosaurs: The Snow Smashers!,Harry and the Dinosaurs: Snow Smashers!,BK-82544-IWHS,9781915982544,B01-GF-01-100164,HS,Ian Whybrow,IW,Stephen Perring,y,Live,00:56,http://voxblock.info/p/B01/GF/1/100164,WF Howes,1,4,5,£10.99,£9.16,,5.99,3,8,Dinosaurs & Dragons,,,English ,,£200,0.2,26/07/2023
100165,Harry and the Dinosaurs: The Flying Save!,Harry and the Dinosaurs: Flying Save!,BK-82551-IWHF,9781915982551,B01-GF-01-100165,HF,Ian Whybrow,IW,Stephen Perring,y,Live,00:53,http://voxblock.info/p/B01/GF/1/100165,WF Howes,1,4,5,£10.99,£9.16,,5.99,3,8,Dinosaurs & Dragons,,,English ,,£200,0.2,26/07/2023
100166,Harry and the Dinosaurs: A Monster Surprise!,Harry and the Dinosaurs: Monster Surprise!,BK-82568-IWHM,9781915982568,B01-GF-01-100166,HM,Ian Whybrow,IW,Stephen Perring,y,Live,00:56,http://voxblock.info/p/B01/GF/1/100166,WF Howes,1,4,5,£10.99,£9.16,,5.99,3,8,Dinosaurs & Dragons,,,English ,,£200,0.2,26/07/2023
100170,Explorers on Witch Mountain,Explorers on Witch Mountain,BK-82605-ABEW,9781915982605,B01-GF-01-100170,EW,Alex Bell,AB,Dan Bottomley,y,Live,7:01,http://voxblock.info/p/B01/GF/1/100170,WF Howes,4,3,7,£12.99,£10.83,,11.99,8,12,Action & Adventure,,,English,,£200,0.2,31/07/2023
100171,Explorers on Black Ice Bridge,Explorers on Black Ice Bridge,BK-82612-ABEB,9781915982612,B01-GF-01-100171,EB,Alex Bell,AB,Dan Bottomley,y,Live,7:43,http://voxblock.info/p/B01/GF/1/100171,WF Howes,4,3,7,£12.99,£10.83,,11.99,8,12,Action & Adventure,,,English ,,£200,0.2,31/07/2023
100151,The Hound of the Baskervilles,Hound of the Baskervilles,BK-82414-ACHB,9781915982414,B01-GF-01-100151,HB,Sir Arthur Conan Doyle,AC,Richard Usher,n,Live,0:59,http://voxblock.info/p/B01/GF/1/100151,Sweet Cherry,1,5,6,£12.99,£10.83,Series adjustment,5.99,7,12,Mysteries,,,English,,£200,0.2,10/08/2023
100152,A Study in Scarlet,Study in Scarlet,BK-82421-ACSS,9781915982421,B01-GF-01-100152,SS,Sir Arthur Conan Doyle,AC,Richard Usher,y,Live,1:46,http://voxblock.info/p/B01/GF/1/100152,Sweet Cherry,2,5,7,£12.99,£10.83,,7.99,7,12,Mysteries,,,English,,£200,0.2,10/08/2023
100153,The Sign of the Four,Sign of the Four,BK-82438-ACSF,9781915982438,B01-GF-01-100153,SF,Sir Arthur Conan Doyle,AC,Richard Usher,y,Live,2:04,http://voxblock.info/p/B01/GF/1/100153,Sweet Cherry,2,5,7,£12.99,£10.83,,9.99,7,12,Mysteries,,,English,,£200,0.2,10/08/2023
100147,Relax At The Beach + The Enchanted Garden + The Magic Butterfly,Relax At Beach + The Enchanted Garden + The Magic Butterfly,BK-82377-GHRB,9781915982377,B01-GF-01-100147,RB,Glenn Harrold,GH,Glenn Harrold,y,Live,0:58,http://voxblock.info/p/B01/GF/1/100147,Diviniti,1,2,3,£9.99,£8.33,,9.99,3,12,Bedtime,Calm & Wellbeing,,English,,£200,0.2,17/08/2023
100148,The Magic Treehouse + The Tropical Island + The Space Adventure,Magic Treehouse + The Tropical Island + The Space Adventure,BK-82384-GHMT,9781915982384,B01-GF-01-100148,MT,Glenn Harrold,GH,Glenn Harrold,y,Live,1:00,http://voxblock.info/p/B01/GF/1/100148,Diviniti,2,2,4,£9.99,£8.33,,9.99,3,12,Bedtime,Calm & Wellbeing,,English,,£200,0.2,17/08/2023
100168,The Train to Impossible Places,Train to Impossible Places,BK-82582-PGTI,9781915982582,B01-GF-01-100168,TI,PG Bell,PG,Helen Vine,y,Live,7:23,http://voxblock.info/p/B01/GF/1/100168,WF Howes,4,3,7,£12.99,£10.83,,11.99,8,12,Fantasy & Magic,,,English,,£200,0.2,28/08/2023
100145,Aesop's Fables Reimagined,Aesop's Fables Reimagined,BK-82353-MBAF,9781915982353,B01-GF-01-100145,AF,Mike Bennett,MB,Mike Bennett,y,Live,01:46,http://voxblock.info/p/B01/GF/1/100145,One Media,2,2,4,£5.99,£4.99,Bedtime,11.99,3,8,Bedtime,Short Stories,Fantasy & Magic,English,,£200,0.2,05/09/2023
100154,The King of Nowhere ,King of Nowhere ,BK-82445-MSKN,9781915982445,B01-GF-01-100154,KN,"Matthew Sweetapple, Steve Punt, Elaine Sweetapple",MS,Matthew Sweetapple,n,Live,1:20,http://voxblock.info/p/B01/GF/1/100154,Sweet Apple Ltd,2,2,4,£9.99,£8.33,,9.99,5,12,Fantasy & Magic,Music & Musical Stories ,Dinosaurs & Dragons,English,,£200,0.2,11/09/2023
100155,The End of Infinity,End of Infinity,BK-82452-MSEI,9781915982452,B01-GF-01-100155,EI,"Matthew Sweetapple, Steve Punt, Elaine Sweetapple",MS,Matthew Sweetapple,n,Live,3:00,http://voxblock.info/p/B01/GF/1/100155,Sweet Apple Ltd,3,2,5,£9.99,£8.33,Series adjustment,9.99,5,12,Fantasy & Magic,Music & Musical Stories ,Dinosaurs & Dragons,English,,£200,0.2,11/09/2023
100150,Tombful of Trouble,Tombful of Trouble,BK-82407-PMTT,9781915982407,B01-GF-01-100150,TT,Pip Murphy,PM,Vanessa Labrie,n,Live,1:14,http://voxblock.info/p/B01/GF/1/100150,Sweet Cherry,2,2,4,£9.99,£8.33,,5.99,5,10,Mysteries,,,English,,£200,0.2,18/09/2023
100167,The Girl Who Drank the Moon ,Girl Who Drank the Moon ,BK-82575-KBGM,9781915982575,B01-GF-01-100167,GM,Kelly Barnhill,KB,Christina Moore,y,Live,09:31,http://voxblock.info/p/B01/GF/1/100167,WF Howes,3,3,6,£11.99,£9.99,,15.99,8,12,Fantasy & Magic,,,English,,£200,0.2,25/09/2023
100156,Akimbo and the Crocodile Man,Akimbo and the Crocodile Man,BK-82469-AXAC,9781915982469,B01-GF-01-100156,AC,Alexander McCall Smith,AX,Alexander McCall Smith,y,Live,00:44,http://voxblock.info/p/B01/GF/1/100156,WF Howes,1,3,4,£9.99,£8.33,,5.99,5,12,Action & Adventure,Favourite Characters,,English,,£200,0.2,02/10/2023
100157,Akimbo and the Snakes,Akimbo and the Snakes,BK-82476-AXAS,9781915982476,B01-GF-01-100157,AS,Alexander McCall Smith,AX,Alexander McCall Smith,y,Live,00:52,http://voxblock.info/p/B01/GF/1/100157,WF Howes,1,3,4,£9.99,£8.33,,5.99,5,12,Action & Adventure,Favourite Characters,,English,,£200,0.2,02/10/2023
100158,Akimbo and the Lions,Akimbo and the Lions,BK-82483-AXAL,9781915982483,B01-GF-01-100158,AL,Alexander McCall Smith,AX,Alexander McCall Smith,y,Live,00:54,http://voxblock.info/p/B01/GF/1/100158,WF Howes,1,3,4,£9.99,£8.33,,5.99,5,12,Action & Adventure,Favourite Characters,,English,,£200,0.2,02/10/2023
100159,Akimbo and the Elephants,Akimbo and the Elephants,BK-82490-AXAE,9781915982490,B01-GF-01-100159,AE,Alexander McCall Smith,AX,Alexander McCall Smith,y,Live,00:54,http://voxblock.info/p/B01/GF/1/100159,WF Howes,1,3,4,£9.99,£8.33,,5.99,5,12,Action & Adventure,Favourite Characters,,English,,£200,0.2,02/10/2023
100149,Maggie Sparks and the Truth Dragon + Maggie Sparks and the School of Slime,Maggie Sparks and the Truth Dragon + Maggie Sparks and the School of Slime,BK-82391-SSMS,9781915982391,B01-GF-01-100149,MS,Steve Smallman,SS,Vanessa Labrie,,Live,1:14,http://voxblock.info/p/B01/GF/1/100149,Sweet Cherry,2,2,4,£9.99,£8.33,,7.99,3,8,Fantasy & Magic,Dinosaurs & Dragons,Favourite Characters,English,,£200,0.2,09/10/2023
100191,Famous Five: Five On A Treasure Island,Famous Five: Five On Treasure Island,BK-82803-EBTI,9781915982803,B01-GF-01-100191,TI,Enid Blyton,EB,Jan Francis,y,Live,04:11,,Hachette,3,5,8,£13.99,£11.66,,,5,12,Action & Adventure,Mysteries,Favourite Characters,English,,£220,0.25,16/10/2023
100192,Famous Five: Five Go Adventuring Again,Famous Five: Five Go Adventuring Again,BK-82810-EBGA,9781915982810,B01-GF-01-100192,GA,Enid Blyton,EB,Jan Francis,y,Live,04:15,,Hachette,3,5,8,£13.99,£11.66,,,5,12,Action & Adventure,Mysteries,Favourite Characters,English,,£220,0.25,16/10/2023
100193,Famous Five: Five Run Away Together,Famous Five: Five Run Away Together,BK-82827-EBRA,9781915982827,B01-GF-01-100193,RA,Enid Blyton,EB,Jan Francis,y,Live,04:47,,Hachette,3,5,8,£13.99,£11.66,,,5,12,Action & Adventure,Mysteries,Favourite Characters,English,,£220,0.25,16/10/2023
100172,Do You Know Me?,Do You Know Me?,BK-82599-LSDY,9781915982599,B01-GF-01-100172,DY,"Libby Scott, Rebecca Westcott",LS,Imogen Wilde,y,Live,06:40,,Scholastic,4,3,7,£12.99,£10.83,,,8,12,Calm & Wellbeing,,,English,,£320,0.3,03/11/2023
100173,Ways to be me,Ways to be me,BK-82629-LSWT,9781915982629,B01-GF-01-100173,WT,"Libby Scott, Rebecca Westcott",LS,Imogen Wilde,y,Live,05:46,,Scholastic,4,3,7,£12.99,£10.83,,,8,12,Calm & Wellbeing,,,English,,£320,0.3,03/11/2023
100110,Pride and Prejudice ,Pride and Prejudice ,#N/A,9781915982001,B01-GF-01-100110,PP,Jane Austen,#N/A,Juliet Stevenson,y,Live,14:03,http://voxblock.info/p/B01/GF/1/100110,Naxos,,,,£15.99,£13.33,,15.99,12,,,,,English,,£0,0.2,07/11/2023
100119,Emma ,Emma ,#N/A,9781915982094,B01-GF-01-100119,EM,Jane Austen,#N/A,Juliet Stevenson,,Live,16:14,http://voxblock.info/p/B01/GF/1/100119,Naxos,,,,£15.99,£13.33,,15.99,12,,,,,English,,£0,0.2,07/11/2023
100187,Baby Aliens Got My Teacher,Baby Aliens Got My Teacher,BK-82766-PABA,9781915982766,B01-GF-01-100187,BA,Pamela Butchart,PA,Susan Calman,y,Live,01:17,,Nosy Crow,2,3,5,£10.99,£9.16,,,5,12,Giggles and Belly-laughs,Fantasy & Magic,,English,,£250,0.23,07/11/2023
100188,The Spy Who Loved School Dinners,Spy Who Loved School Dinners,BK-82773-PASW,9781915982773,B01-GF-01-100188,SW,Pamela Butchart,PA,Susan Calman,n,Live,01:51,,Nosy Crow,2,3,5,£10.99,£9.16,,,5,12,Giggles and Belly-laughs,Fantasy & Magic,,English,,£250,0.23,07/11/2023
100189,My Headteacher is a Vampire Rat,My Headteacher is a Vampire Rat,BK-82780-PAMH,9781915982780,B01-GF-01-100189,MH,Pamela Butchart,PA,Susan Calman,n,Live,01:53,,Nosy Crow,2,3,5,£10.99,£9.16,,,5,12,Giggles and Belly-laughs,Fantasy & Magic,,English,,£250,0.23,07/11/2023
100190,Attack of the Demon Dinner Ladies,Attack of the Demon Dinner Ladies,BK-82797-PAAD,9781915982797,B01-GF-01-100190,AD,Pamela Butchart,PA,Susan Calman,y,Live,01:53,,Nosy Crow,2,3,5,£10.99,£9.16,,,5,12,Giggles and Belly-laughs,Fantasy & Magic,,English,,£250,0.23,07/11/2023
100184,The Heart Scarab,Heart Scarab,BK-82735-SPHS,9781915982735,B01-GF-01-100184,HS,Saviour Pirotta,SP,Nezar Alderazi,y,Live,02:15,,AudioAgency,2,2,4,£9.99,£8.33,,,5,12,Action & Adventure,Facts & Learning,,English,,£100,0.2,16/11/2023
100174,Unicorn Academy: Scarlett and Blaze,Unicorn Academy: Scarlett and Blaze,BK-82636-JSSB,9781915982636,B01-GF-01-100174,SB,Julie Sykes,JS,Kristin Atherton,y,Live,01:32,,Nosy Crow,2,2,4,£9.99,£8.33,,,3,8,Fantasy & Magic,Fairies & Unicorns,,English,,£250,0.23,20/11/2023
100175,Unicorn Academy: Ava and Star,Unicorn Academy: Ava and Star,BK-82643-JSAS,9781915982643,B01-GF-01-100175,AS,Julie Sykes,JS,Kristin Atherton,y,Live,01:30,,Nosy Crow,2,2,4,£9.99,£8.33,,,3,8,Fantasy & Magic,Fairies & Unicorns,,English,,£250,0.23,20/11/2023
100176,Unicorn Academy: Isabel and Cloud,Unicorn Academy: Isabel and Cloud,BK-82650-JSIC,9781915982650,B01-GF-01-100176,IC,Julie Sykes,JS,Kristin Atherton,y,Live,01:32,,Nosy Crow,2,2,4,£9.99,£8.33,,,3,8,Fantasy & Magic,Fairies & Unicorns,,English,,£250,0.23,20/11/2023
100177,Unicorn Academy: Layla and Dancer,Unicorn Academy: Layla and Dancer,BK-82667-JSLD,9781915982667,B01-GF-01-100177,LD,Julie Sykes,JS,Kristin Atherton,y,Live,01:30,,Nosy Crow,2,2,4,£9.99,£8.33,,,3,8,Fantasy & Magic,Fairies & Unicorns,,English,,£250,0.23,20/11/2023
100178,Unicorn Academy: Olivia and Snowflake,Unicorn Academy: Olivia and Snowflake,BK-82674-JSOS,9781915982674,B01-GF-01-100178,OS,Julie Sykes,JS,Kristin Atherton,y,Live,01:27,,Nosy Crow,2,2,4,£9.99,£8.33,,,3,8,Fantasy & Magic,Fairies & Unicorns,,English,,£250,0.23,20/11/2023
100179,The Boy Who Dreamed of Dragons,Boy Who Dreamed of Dragons,BK-82681-ASDD,9781915982681,B01-GF-01-100179,DD,Andy Shepherd,AS,Ewan Goddard,y,Live,04:04,,Bonnier,3,3,6,£11.99,£9.99,,,5,12,Dinosaurs & Dragons,Action & Adventure,,English,,£200,0.25,20/11/2023
100180,The Boy Who Sang with Dragons,Boy Who Sang with Dragons,BK-82698-ASSD,9781915982698,B01-GF-01-100180,SD,Andy Shepherd,AS,Ewan Goddard,n,Live,04:05,,Bonnier,3,3,6,£11.99,£9.99,,,5,12,Dinosaurs & Dragons,Action & Adventure,,English,,£200,0.25,20/11/2023
100181,The Ultimate Guide to Growing Dragons,Ultimate Guide to Growing Dragons,BK-82704-ASUG,9781915982704,B01-GF-01-100181,UG,Andy Shepherd,AS,Ewan Goddard,n,Live,03:35,,Bonnier,3,3,6,£11.99,£9.99,,,5,12,Dinosaurs & Dragons,Action & Adventure,,English,,£200,0.25,20/11/2023
100200,James and the Giant Peach,James and the Giant Peach,BK-82896-RDJG,9781915982896,B01-GF-01-100200,JG,Roald Dahl,RD,James Acaster,,Live,02:49,,Penguin,3,5,8,£13.99,£11.66,,,5,12,Favourite Characters ,Family Favourites,Action and Adventure,English,,£200,0.2,29/11/2023
100201,George's Marvellous Medicine,George's Marvellous Medicine,BK-82902-RDGM,9781915982902,B01-GF-01-100201,GM,Roald Dahl,RD,Romesh Ranganathan,,Live,01:20,,Penguin,2,5,7,£12.99,£10.83,,,5,12,Favourite Characters ,Family Favourites,Fantasy and Magic,English,,£200,0.2,29/11/2023
100202,The Witches,Witches,BK-82995-RDTW,9781915982995,B01-GF-01-100202,TW,Roald Dahl,RD,Lolly Adefope,,Live,03:45,,Penguin,3,5,8,£13.99,£11.66,,,5,12,Favourite Characters ,Fantasy & Magic,,English,,£200,0.2,29/11/2023
100194,The Little Prince,Little Prince,BK-82834-AELP,9781915982834,B01-GF-01-100194,LP,Antoine de Saint-Exupéry,AE,Ossian Perret,,Live,02:00,,Penguin,2,4,6,£11.99,£9.99,,,5,12,Action & Adventure,Favourite Characters,Family Favourites,English,,£200,0.2,08/12/2023
100195,Finn Family Moomintroll,Finn Family Moomintroll,BK-82841-TJFF,9781915982841,B01-GF-01-100195,FF,Tove Jansson,TJ,Hugh Dennis,,Live,03:33,,Rights&Brands,3,3,6,£11.99,£9.99,,,3,8,Favourite Characters ,Family Favourites,,English,,£200,0.2,08/12/2023
100146,The Magicians House: The Steps up the Chimney,Magicians House: The Steps up the Chimney,BK-82360-WCMH,9781915982360,B01-GF-01-100146,MH,William Corlett,WC,Sian Phillips,y,Live,06:25,http://voxblock.info/p/B01/GF/1/100146,One Media,4,3,7,£12.99,£10.83,,11.66,5,12,Fantasy & Magic,,,English,,£200,0.2,18/12/2023
100182,Little Book Big Idea,Little Book Big Idea,BK-82711-NJLB,9781915982711,B01-GF-01-100182,LB,Noodle Juice,NJ,Joseph Edward Degnan & Agatha Powis,n,Live,01:31,,AudioAgency,2,2,4,£9.99,£8.33,,,5,8,Facts & Learning,,,English,,£200,0.2,18/12/2023
100203,The Gruffalo,Gruffalo,BK-82919-JDTG,9781915982919,B01-GF-01-100203,TG,Julia Donaldson ,JD,Imelda Staunton,,Live,0:25,,Macmillan,1,5,6,£9.99,£8.33,,,3,8,Favourite Characters ,Family Favourites,,English,,£220,0.25,18/12/2023
100204,The Gruffalo's Child,Gruffalo's Child,BK-82926-JDGC,9781915982926,B01-GF-01-100204,GC,Julia Donaldson ,JD,Imelda Staunton,,Live,0:22,,Macmillan,1,5,6,£9.99,£8.33,,,3,8,Favourite Characters ,Family Favourites,,English,,£220,0.25,18/12/2023
100205,Room on the Broom,Room on the Broom,BK-82933-JDRB,9781915982933,B01-GF-01-100205,RB,Julia Donaldson ,JD,Josie Lawrence,,Live,0:24,,Macmillan,1,5,6,£9.99,£8.33,,,3,8,Favourite Characters ,Family Favourites,,English,,£220,0.25,18/12/2023
100206,The Smartest Giant in Town,Smartest Giant in Town,BK-82940-JDSG,9781915982940,B01-GF-01-100206,SG,Julia Donaldson ,JD,Imelda Staunton,,Live,0:30,,Macmillan,1,5,6,£9.99,£8.33,,,3,8,Favourite Characters ,Family Favourites,,English,,£220,0.25,18/12/2023
100111,Little Women ,Little Women ,BK-82018-LALW,9781915982018,B01-GF-01-100111,LW,Louisa M. Alcott,LA,Laurel Lefkow,y,Live,21:00,http://voxblock.info/p/B01/GF/1/100111,Naxos,,,,£15.99,£13.33,,15.99,12,,,,,English,,£0,0.2,18/01/2024
100116,Rob Roy ,Rob Roy ,BK-82063-WSRR,9781915982063,B01-GF-01-100116,RR,Sir Walter Scott,WS,Sean Barrett,,Live,16:31,http://voxblock.info/p/B01/GF/1/100116,Naxos,,,,£15.99,£13.33,,15.99,12,,,,,English,,£0,0.2,18/01/2024
100162,Kid Normal and the Rogue Heroes,Kid Normal and the Rogue Heroes,BK-82520-GCKR,9781915982520,B01-GF-01-100162,KR,Greg James and Chris Smith,GC,Greg James and Chris Smith,y,Live,6:18,http://voxblock.info/p/B01/GF/1/100162,WF Howes,4,3,7,£11.99,£9.99,,11.99,5,12,Action & Adventure,Fantasy & Magic,,English,,£200,0.2,18/01/2024
100163,Kid Normal and the Shadow Machine,Kid Normal and the Shadow Machine,BK-82537-GCKS,9781915982537,B01-GF-01-100163,KS,Greg James and Chris Smith,GC,Greg James and Chris Smith,y,Live,6:10,http://voxblock.info/p/B01/GF/1/100163,WF Howes,4,3,7,£11.99,£9.99,,11.99,5,12,Action & Adventure,Fantasy & Magic,,English ,,£200,0.2,18/01/2024
100183,The Crocodile Curse,Crocodile Curse,BK-82728-SPCC,9781915982728,B01-GF-01-100183,CC,Saviour Pirotta,SP,Nezar Alderazi,n,Live,02:33,,AudioAgency,2,2,4,£9.99,£8.33,,,5,12,Action & Adventure,Facts & Learning,,English,,£100,0.2,18/01/2024
100185,The Serpent's Eclipse ,Serpent's Eclipse ,BK-82742-SPSE,9781915982742,B01-GF-01-100185,SE,Saviour Pirotta,SP,Nezar Alderazi,29,Live,02:50,,AudioAgency,2,2,4,£9.99,£8.33,,,5,12,Action & Adventure,Facts & Learning,,English,,£100,0.2,20/03/2024
100186,The Jackal's Graveyard,Jackal's Graveyard,BK-82759-SPJG,9781915982759,B01-GF-01-100186,JG,Saviour Pirotta,SP,Nezar Alderazi,29,Live,02:59,,AudioAgency,2,2,4,£9.99,£8.33,,,5,12,Action & Adventure,Facts & Learning,,English,,£100,0.2,20/03/2024
100196,Matilda,Matilda,BK-82858-RDMA,9781915982858,B01-GF-01-100196,MA,Roald Dahl,RD,Daisy Ridley,23,Live,04:10,,Penguin,3,5,8,£13.99,£11.66,,,5,12,Favourite Characters ,Family Favourites,Fantasy and Magic,English,,£200,0.2,21/03/2024
100197,Charlie and the Chocolate Factory,Charlie and the Chocolate Factory,BK-82865-RDCF,9781915982865,B01-GF-01-100197,CF,Roald Dahl,RD,David Tennant,30,Live,03:15,,Penguin,3,5,8,£13.99,£11.66,,,5,12,Favourite Characters ,Family Favourites,Action and Adventure,English,,£200,0.2,21/03/2024
100198,The BFG,BFG,BK-82872-RDBF,9781915982872,B01-GF-01-100198,BF,Roald Dahl,RD,Mel Giedroyc,24,Live,04:01,,Penguin,3,5,8,£13.99,£11.66,,,5,12,Favourite Characters ,Family Favourites,Action and Adventure,English,,£200,0.2,21/03/2024
100199,The Twits,Twits,BK-82889-RDTT,9781915982889,B01-GF-01-100199,TT,Roald Dahl,RD,Sara Pascoe,31,Live,01:03,,Penguin,2,5,7,£12.99,£10.83,,,5,12,Favourite Characters ,Family Favourites,Giggles and Belly-laughs,English,,£200,0.2,21/03/2024
100229,Absolutely Everything!,Absolutely Everything!,BK-74107-CLAE,9781917174107,B01-GF-01-100229,AE,Christopher Lloyd,CL,James Macnaughton,,Live,07:39,,AudioAgency,4,3,7,£13.99,£11.66,,,8,12,Facts & Learning,,,English,,£200,0.2,07/06/2024
100215,The Jolley-Rogers and the Ghostly Galleon,Jolley-Rogers and the Ghostly Galleon,BK-82957-JDGG,9781915982957,B01-GF-01-100215,GG,Jonny Duddle,JD,Amy Enticknap & Paul Panting,18,Live,01:08,,Bonnier,2,3,5,£9.99,£8.33,,,5,8,Action & Adventure,Mysteries,,English,,£200,0.25,13/07/2024
100216,The Jolley-Rogers and the Cave of Doom,Jolley-Rogers and the Cave of Doom,BK-82964-JDCD,9781915982964,B01-GF-01-100216,CD,Jonny Duddle,JD,Amy Enticknap & Paul Panting,19,Live,01:22,,Bonnier,2,3,5,£9.99,£8.33,,,5,8,Action & Adventure,Fantasy & Magic,,English,,£200,0.25,13/07/2024
100217,The Jolley-Rogers and the Monster's Gold,Jolley-Rogers and the Monster's Gold,BK-82971-JDMG,9781915982971,B01-GF-01-100217,MG,Jonny Duddle,JD,Amy Enticknap & Paul Panting,19,Live,01:24,,Bonnier,2,3,5,£9.99,£8.33,,,5,8,Action & Adventure,Mysteries,,English,,£200,0.25,13/07/2024
100218,The Jolley-Rogers and the Pirate Piper,Jolley-Rogers and the Pirate Piper,BK-82988-JDPP,9781915982988,B01-GF-01-100218,PP,Jonny Duddle,JD,Amy Enticknap & Paul Panting,18,Live,01:19,,Bonnier,2,3,5,£9.99,£8.33,,,5,8,Action & Adventure,Fantasy & Magic,,English,,£200,0.25,13/07/2024
100239,A Place Called Perfect,Place Called Perfect,BK-74206-HDPP,9781917174206,B01-GF-01-100239,PP,Helena Duggan,HD,Rachael Beresford,,Live,08:00,,WF Howes,4,4,8,£13.99,£11.66,,,10,Teen,Mysteries,,,English,,£200,0.2,20/07/2024
100240,The Trouble with Perfect,Trouble with Perfect,BK-74213-HDTP,9781917174213,B01-GF-01-100240,TP,Helena Duggan,HD,Sarah Ovens,,Live,07:05,,WF Howes,4,4,8,£13.99,£11.66,,,10,Teen,Mysteries,,,English,,£200,0.2,20/07/2024
100241,The Battle for Perfect,Battle for Perfect,BK-74220-HDBP,9781917174220,B01-GF-01-100241,BP,Helena Duggan,HD,Sarah Ovens,,Live,07:13,,WF Howes,4,4,8,£13.99,£11.66,,,10,Teen,Mysteries,,,English,,£200,0.2,20/07/2024
100243,Be Amazing!,Be Amazing!,BK-74244-CHBA,9781917174244,B01-GF-01-100243,BA,Sir Chris Hoy,CH,Sir Chris Hoy,,Live,02:56,,WF Howes,3,3,6,£11.99,£9.99,,,8,10,Facts & Learning,,,English,,£200,0.2,26/07/2024
100244,Dave Pigeon: Nuggets!,Dave Pigeon: Nuggets!,BK-74251-SHDP,9781917174251,B01-GF-01-100244,DP,Swapna Haddow,SH,Sam Devereaux,,Live,01:33,,WF Howes,2,4,6,£11.99,£9.99,,,5,8,Giggles & Belly-laughs,,,English,,£200,0.2,01/08/2024
100245,Dave Pigeon: Racer!,Dave Pigeon: Racer!,BK-74268-SHDP,9781917174268,B01-GF-01-100245,DP,Swapna Haddow,SH,Sam Devereaux,,Live,01:50,,WF Howes,2,4,6,£11.99,£9.99,,,5,8,Giggles & Belly-laughs,,,English,,£200,0.2,01/08/2024
100246,Dave Pigeon: How to Deal with Bad Cats and Keep (most of) Your Feathers,Dave Pigeon: How to Deal with Bad Cats and Keep (most of) Your Feathers,BK-74275-SHDP,9781917174275,B01-GF-01-100246,DP,Swapna Haddow,SH,Sam Devereaux,,Live,01:10,,WF Howes,2,4,6,£11.99,£9.99,,,5,8,Giggles & Belly-laughs,,,English,,£200,0.2,01/08/2024
100238,You Are History,You Are History,BK-74190-GJYH,9781917174190,B01-GF-01-100238,YH,Greg Jenner,GJ,Greg Jenner,y,Live,05:45,,WF Howes,4,3,7,£12.99,£10.83,,,8,12,Facts & Learning,,,English,,£200,0.2,07/08/2024
100234,Ella on the Outside,Ella on the Outside,BK-74152-CHEO,9781917174152,B01-GF-01-100234,EO,Cath Howe,CH,Louiza Patikas,,Live,03:32,,Nosy Crow,3,3,6,£11.99,£9.99,,,8,12,Calm & Wellbeing,,,English,,£200,0.23,15/08/2024
100242,Under the Stars,Under the Stars,BK-74237-LHUS,9781917174237,B01-GF-01-100242,US,Lisa Harvey-Smith,LH,Angourie Rice,y,Live,02:47,,WF Howes,3,3,6,£11.99,£9.99,,,5,8,Facts & Learning,,,English,,£200,0.2,21/08/2024
100233,Maggie Sparks and the Alien Invasion + Maggie Sparks and the Fang-tastic Fairground,Maggie Sparks and the Alien Invasion + Maggie Sparks and the Fang-tastic Fairground,BK-74145-SSMS,9781917174145,B01-GF-01-100233,MS,Steve Smallman,SS,Vanessa Labrie,,Live,01:14,,Sweet Cherry,2,2,4,£9.99,£8.33,,,3,8,Fantasy & Magic,Favourite Characters,,English,,£200,0.2,26/08/2024
100219,Peppa's Bedtime Stories,Peppa's Bedtime Stories,BK-74008-LBBS,9781917174008,B01-GF-01-100219,BS,Ladybird,LB,John Sparkes,,Live,01:07,,Hasbro,2,5,7,£11.99,£9.99,,,3,5,Favourite Characters,Giggles & Belly-laughs,Bedtime,English,,£350,0.14,08/09/2024
100220,Adventures With Peppa,Adventures With Peppa,BK-74015-LBAP,9781917174015,B01-GF-01-100220,AP,Ladybird,LB,John Sparkes,,Live,01:22,,Hasbro,2,5,7,£11.99,£9.99,,,3,5,Favourite Characters,Giggles & Belly-laughs,,English,,£350,0.14,08/09/2024
100221,At Home With Peppa,At Home With Peppa,BK-74022-LBHP,9781917174022,B01-GF-01-100221,HP,Ladybird,LB,John Sparkes,,Live,01:18,,Hasbro,2,5,7,£11.99,£9.99,,,3,5,Favourite Characters,Giggles & Belly-laughs,,English,,£350,0.14,08/09/2024
100222,Storytime With Peppa,Storytime With Peppa,BK-74039-LBSP,9781917174039,B01-GF-01-100222,SP,Ladybird,LB,John Sparkes,,Live,01:05,,Hasbro,2,5,7,£11.99,£9.99,,,3,5,Favourite Characters,Giggles & Belly-laughs,,English,,£350,0.14,08/09/2024
100247,Bust or Trust,Bust or Trust,BK-74282-SWBT,9781917174282,B01-GF-01-100247,BT,Small Wardour,SW,Athena Kugblenu and Tiernan Douieb,,Live,02:52,,Small Wardour,3,3,6,£11.99,£9.99,,,5,10,Facts & Learning,Giggles & Belly-laughs,,English,,£200,0.2,13/09/2024
100249,Pages & Co.: Tilly and the Bookwanderers,Pages & Co.: Tilly and the Bookwanderers,BK-74305-AJTB,9781917174305,B01-GF-01-100249,TB,Anna James,AJ,Aysha Kala,,Live,07:18,,HarperCollins,4,3,7,£12.99,£10.83,,,8,10,Fantasy & Magic,Action & Adventure,Mysteries,English,,£200,0.2,17/09/2024
100250,Pages & Co.: Tilly and the Lost Fairy Tales,Pages & Co.: Tilly and the Lost Fairy Tales,BK-74312-AJTF,9781917174312,B01-GF-01-100250,TF,Anna James,AJ,Aysha Kala,,Live,07:18,,HarperCollins,4,3,7,£12.99,£10.83,,,8,10,Fantasy & Magic,Action & Adventure,Mysteries,English,,£200,0.2,17/09/2024
100251,Pages & Co.: Tilly and the Map of Stories,Pages & Co.: Tilly and the Map of Stories,BK-74329-AJTM,9781917174329,B01-GF-01-100251,TM,Anna James,AJ,Aysha Kala,,Live,07:30,,HarperCollins,4,3,7,£12.99,£10.83,,,8,10,Fantasy & Magic,Action & Adventure,Mysteries,English,,£200,0.2,17/09/2024
100248,Kay's Anatomy,Kay's Anatomy,BK-74299-AKKA,9781917174299,B01-GF-01-100248,KA,Adam Kay,AK,"Adam Kay, Sandi Toksvig, Rose Matafeo, Mark Gatiss, Lolly Adefope, Andy Nyman",,Live,05:36,,Penguin,4,3,7,£12.99,£10.83,,,8,12,Facts & Learning,Giggles & Belly-laughs,,English,,£800,0.2,25/09/2024
100223,The Worst Witch,Worst Witch,BK-74046-JMWW,9781917174046,B01-GF-01-100223,WW,Jill Murphy,JM,Gemma Arterton,,Live,01:05,,Penguin,2,5,7,£12.99,£10.83,,,5,10,Favourite Characters,Giggles & Belly-laughs,Fantasy & Magic,English,,£200,0.2,01/10/24
100224,The Worst Witch Strikes Again,Worst Witch Strikes Again,BK-74053-JMWS,9781917174053,B01-GF-01-100224,WS,Jill Murphy,JM,Gemma Arterton,,Live,00:54,,Penguin,1,5,7,£12.99,£10.83,,,5,10,Favourite Characters,Giggles & Belly-laughs,Fantasy & Magic,English,,£200,0.2,01/10/24
100225,A Bad Spell for the Worst Witch,Bad Spell for the Worst Witch,BK-74060-JMBS,9781917174060,B01-GF-01-100225,BS,Jill Murphy,JM,Gemma Arterton,,Live,01:18,,Penguin,2,5,7,£12.99,£10.83,,,5,10,Favourite Characters,Giggles & Belly-laughs,Fantasy & Magic,English,,£200,0.2,01/10/24
100253,Women in Science,Women in Science,BK-74343-MVWS,9781917174343,B01-GF-01-100253,WS,Maria Isabel Sanchez Vegara,MV,Adjoa Andoh,y,Live,00:39,,Quarto,1,4,5,£9.99,£8.33,,,3,10,Facts & Learning,,,English,,£300,0.2,08/10/2024
100254,Inspiring Musicians,Inspiring Musicians,BK-74350-MVIM,9781917174350,B01-GF-01-100254,IM,Maria Isabel Sanchez Vegara,MV,Adjoa Andoh,,Live,00:41,,Quarto,1,4,5,£9.99,£8.33,,,3,10,Facts & Learning,,,English,,£300,0.2,08/10/2024
100226,The Colour of Magic,Colour of Magic,BK-74077-TPCM,9781917174077,B01-GF-01-100226,CM,Terry Pratchett,TP,"Colin Morgan, Peter Serafinowicz, Bill Nighy",,Live,07:58,,Penguin,4,5,8,£13.99,£11.66,,,12,12+,Fantasy & Magic,Giggles & Belly-laughs,Action & Adventure,English,,£200,0.2,15/10/2024
100227,The Light Fantastic,Light Fantastic,BK-74084-TPLF,9781917174084,B01-GF-01-100227,LF,Terry Pratchett,TP,"Colin Morgan, Peter Serafinowicz, Bill Nighy",,Live,07:42,,Penguin,4,5,8,£13.00,£10.83,,,12,12+,Fantasy & Magic,Giggles & Belly-laughs,Action & Adventure,English,,£200,0.2,15/10/2024
100228,Equal Rites,Equal Rites,BK-74091-TPER,9781917174091,B01-GF-01-100228,ER,Terry Pratchett,TP,"Indira Varma, Peter Serafinowicz, Bill Nighy",,Live,07:27,,Penguin,4,5,8,£13.00,£10.83,,,12,12+,Fantasy & Magic,Giggles & Belly-laughs,Action & Adventure,English,,£200,0.2,15/10/2024
100263,Funny Paddington Stories,Funny Paddington Stories,BK-74442-MBFP,9781917174442,B01-GF-01-100263,FP,Michael Bond,MB,Stephen Fry and Jim Broadbent,,Live,00:59,,HarperCollins,1,5,6,£12.99,£10.83,,,3,8,Family Favourites,Favourite Characters,,English,,£200,0.2,22/10/2024
100264,More Funny Paddington Stories,More Funny Paddington Stories,BK-74459-MBMP,9781917174459,B01-GF-01-100264,MP,Michael Bond,MB,Stephen Fry and Jim Broadbent,,Live,01:06,,HarperCollins,2,5,7,£12.99,£10.83,,,3,8,Family Favourites,Favourite Characters,,English,,£200,0.2,22/10/2024
100252,Bing Playtime Stories and Songs,Bing Playtime Stories and Songs,BK-74336-VABI,9781917174336,B01-GF-01-100252,BI,Various,VA,Teresa Gallagher,,Live,00:52,,Acamar Films,1,4,5,£10.99,£9.16,,,3,5,Giggles & Belly-laughs,Favourite Characters,,English,,£200,0.2,05/11/2024
100257,Five-Minute Stories,Five-Minute Stories,BK-74381-EBFM,9781917174381,B01-GF-01-100257,FM,Enid Blyton,EB,Adam Courting and Eugenia Low,,Live,01:24,,Hachette,2,5,7,£12.99,£10.83,,,5,10,Action & Adventure,Fantasy & Magic,Giggles & Belly-laughs,English,,£220,0.25,12/11/2024
100258,Stories for Bedtime,Stories for Bedtime,BK-74398-EBSB,9781917174398,B01-GF-01-100258,SB,Enid Blyton,EB,Jessica Alade,,Live,01:26,,Hachette,2,5,7,£12.99,£10.83,,,5,10,Action & Adventure,Fantasy & Magic,Bedtime,English,,£220,0.25,12/11/2024
100259,The Amelia Jane Collection,Amelia Jane Collection,BK-74404-EBAJ,9781917174404,B01-GF-01-100259,AJ,Enid Blyton,EB,Eugenia Low,,Live,01:29,,Hachette,2,5,7,£12.99,£10.83,,,5,10,Action & Adventure,Fantasy & Magic,Giggles & Belly-laughs,English,,£220,0.25,12/11/2024
100235,The Last Hours: Chain of Gold,Last Hours: Chain of Gold,BK-74169-CCLH,9781917174169,B01-GF-01-100235,LH,Cassandra Clare,CC,Finty Williams,,Live,21:35,,WF Howes,4,4,8,£13.99,£11.66,,,16,Adult,Fantasy & Magic,Action & Adventure,,English,,£200,0.2,04/12/2024
100236,The Last Hours: Chain of Thorns,Last Hours: Chain of Thorns,BK-74176-CCLH,9781917174176,B01-GF-01-100236,LH,Cassandra Clare,CC,Finty Williams,,Live,29:55:00,,WF Howes,4,4,8,£13.99,£11.66,,,16,Adult,Fantasy & Magic,Action & Adventure,,English,,£200,0.2,04/12/2024
100237,The Last Hours: Chain of Iron,Last Hours: Chain of Iron,BK-74183-CCLH,9781917174183,B01-GF-01-100237,LH,Cassandra Clare,CC,Finty Williams,,Live,23:19,,WF Howes,4,4,8,£13.99,£11.66,,,16,Adult,Fantasy & Magic,Action & Adventure,,English,,£200,0.2,04/12/2024
100255,Nature Champions,Nature Champions,BK-74367-MVNC,9781917174367,B01-GF-01-100255,NC,Maria Isabel Sanchez Vegara,MV,Adjoa Andoh,,Live,00:42,,Quarto,1,4,5,£9.99,£8.33,,,3,10,Facts & Learning,,,English,,£300,0.2,28/01/2025
100256,Little Dreamers,Little Dreamers,BK-74374-MVLD,9781917174374,B01-GF-01-100256,LD,Maria Isabel Sanchez Vegara,MV,Adjoa Andoh,,Live,00:40,,Quarto,1,4,5,£9.99,£8.33,,,3,10,Facts & Learning,,,English,,£300,0.2,28/01/2025
100260,Armistice Runner,Armistice Runner,BK-74411-TPAR,9781917174411,B01-GF-01-100260,AR,Tom Palmer,TP,Flora Ogilvy,,Live,03:19,,Barrington Stoke,3,4,7,£12.99,£10.83,,,8,Teen,Action & Adventure,,,English,,£400,0.2,18/02/25
100261,D-Day Dog,D-Day Dog,BK-74428-TPDD,9781917174428,B01-GF-01-100261,DD,Tom Palmer,TP,Frazer Hadfield,,Live,02:31,,Barrington Stoke,3,4,7,£12.99,£10.83,,,8,Teen,Action & Adventure,,,English,,£400,0.2,18/02/25
100262,After the War,After the War,BK-74435-TPAW,9781917174435,B01-GF-01-100262,AW,Tom Palmer,TP,Joe Jameson,,Live,03:07,,Barrington Stoke,3,4,7,£12.99,£10.83,,,8,Teen,Action & Adventure,,,English,,£400,0.2,18/02/25
100230,Chemistry for Curious Kids,Chemistry for Curious Kids,BK-74114-LHCC,9781917174114,B01-GF-01-100230,CC,Lynne Huggins-Cooper,LH,James Macnaughton,,Live,03:00,,AudioAgency,3,2,5,£9.99,£8.33,,,8,12,Facts & Learning,,,English,,£200,0.2,04/03/2025
100231,Physics for Curious Kids,Physics for Curious Kids,BK-74121-LBPC,9781917174121,B01-GF-01-100231,PC,Laura Baker,LB,James Macnaughton,,Live,03:07,,AudioAgency,3,2,5,£9.99,£8.33,,,8,12,Facts & Learning,,,English,,£200,0.2,04/03/2025
100232,Biology for Curious Kids,Biology for Curious Kids,BK-74138-LBBC,9781917174138,B01-GF-01-100232,BC,Laura Baker,LB,James Macnaughton,,Live,03:14,,AudioAgency,3,2,5,£9.99,£8.33,,,8,12,Facts & Learning,,,English,,£200,0.2,04/03/2025
100266,Loki: A Bad God's Guide to Being Good,Loki: A Bad God's Guide to Being Good,BK-74473-LSLG,9781917174473,B01-GF-01-100266,LG,Louie Stowell,LS,Ben Willbond,,Live,02:49,,WF Howes,3,4,7,£12.99,£10.83,,,8,12,Fantasy & Magic,Giggles and Belly Laughs,,English,,£200,0.2,11/03/2025
100267,Loki: A Bad God's Guide to Taking the Blame,Loki: A Bad God's Guide to Taking the Blame,BK-74480-LSLB,9781917174480,B01-GF-01-100267,LB,Louie Stowell,LS,Ben Willbond,,Live,03:17,,WF Howes,3,4,7,£12.99,£10.83,,,8,12,Fantasy & Magic,Giggles and Belly Laughs,,English,,£200,0.2,11/03/2025
100268,Loki: A Bad God's Guide to Ruling the World,Loki: A Bad God's Guide to Ruling the World,BK-74497-LSLR,9781917174497,B01-GF-01-100268,LR,Louie Stowell,LS,Ben Willbond,,Live,03:28,,WF Howes,3,4,7,£12.99,£10.83,,,8,12,Fantasy & Magic,Giggles and Belly Laughs,,English,,£200,0.2,11/03/2025
100269,Loki: A Bad God's Guide to Making Enemies,Loki: A Bad God's Guide to Making Enemies,BK-74503-LSLE,9781917174503,B01-GF-01-100269,LE,Louie Stowell,LS,Ben Willbond,,Live,03:13,,WF Howes,3,4,7,£12.99,£10.83,,,8,12,Fantasy & Magic,Giggles and Belly Laughs,,English,,£200,0.2,11/03/2025
100265,Sergio the Snail: Eco-Agent,Sergio the Snail: Eco-Agent,BK-74466-ABSS,9781917174466,B01-GF-01-100265,SS,Abeltje,AB,Rick Whelan,,CS,01:03,,Abel Studios,2,2,4,£9.99,£8.33,,,3,5,Action & Adventure,Giggles & Belly-laughs,,English,,£200,0.2,25/03/2025
100013,The Adventures Of Huckleberry Finn,Adventures Of Huckleberry Finn,BK-43137-MTHF,9781915443137,B01-GF-01-100013,HF,Mark Twain,MT,Garrick Hagon,y,Stopped,2:38,http://voxblock.info/p/B01/GF/1/100013,Naxos,3,4,7,£12.99,£10.83,,9.99,5,12,,,,English,,£0,0.2,
100061,Sam Wu is Not Afraid of Ghosts,Sam Wu is Not Afraid of Ghosts,BK-43618-KTSW,9781915443618,B01-GF-01-100061,SW,Katie and Kevin Tsang,KT,Daniel York Loh,y,Stopped,1:21,http://voxblock.info/p/B01/GF/1/100061,WF Howes,2,2,4,£9.99,£8.33,,11.99,5,8,Fantasy & Magic,,,English,,£200,0.2,
100086,The Three Musketeers ,Three Musketeers ,BK-43861-ADTM,9781915443861,B01-GF-01-100086,TM,Alexandre Dumas,AD,Bill Homewood,,Too big,26:07:00,http://voxblock.info/p/B01/GF/1/100086,Naxos,,,,£15.99,£13.33,,20,12,,,,,English,,£0,0.2,
100113,Moby-Dick ,Moby-Dick ,BK-82032-HMMD,9781915982032,B01-GF-01-100113,MD,Herman Melville,HM,William Hootkins,y,Too big,99:12,http://voxblock.info/p/B01/GF/1/100113,Naxos,,,,£15.99,£13.33,,15.99,12,,,,,English,,£0,0.2,
100114,The Woman in White ,Woman in White ,BK-82049-WCWW,9781915982049,B01-GF-01-100114,WW,Wilkie Collins,WC,Glen McCready & Rachel Bavidge,y,Too big,99:13,http://voxblock.info/p/B01/GF/1/100114,Naxos,,,,£15.99,£13.33,,15.99,12,,,,,English,,£0,0.2,
100120,The Count of Monte Cristo,Count of Monte Cristo,BK-82100-ADMC,9781915982100,B01-GF-01-100120,MC,Alexandre Dumas,AD,Bill Homewood,,Too big,99:19,http://voxblock.info/p/B01/GF/1/100120,Naxos,,,,£15.99,£13.33,,15.99,12,,,,,English,,£0,0.2,
100169,DELETED,DELETED,BK-82599-!!!!,9781915982599,B01-GF-01-100169,!!,DELETED,!!,DELETED,,Deleted,0:0,http://voxblock.info/p/B01/GF/1/100169,,,,,,£0.00,,,,,,,,,,,,
100270,I am Rebel,I am Rebel,BK-74510-RMIR,9781917174510,B01-GF-01-100270,IR,Ross Montgomery,RM,Sam Devereaux,,CS,05:17,,WF Howes,4,4,8,£13.99,£11.66,,,8,12,Action & Adventure,,,English,,£200,0.2,
100271,Homer's Iliad and the Odyssey: Two of the Greatest Stories Ever Told,Homer's Iliad and the Odyssey: Two of the Greatest Stories Ever Told,BK-74527-GCHI,9781917174527,B01-GF-01-100271,HI,Gillian Cross,GC,Leighton Pugh,,CS,04:55,,WF Howes,3,3,6,£11.99,£9.99,,,8,12,Action & Adventure,Fantasy & Magic,,English,,£200,0.2,
100272,Alex Rider: Stormbreaker,Alex Rider: Stormbreaker,BK-74534-AHAS,9781917174534,B01-GF-01-100272,AS,Anthony Horowitz,AH,Oliver Chris,,CS,04:52,,WF Howes,3,5,7,£13.99,£11.66,,,8,12,Action & Adventure,Favourite Characters,,English,,£200,0.2,
100273,The Five Realms: The Legend of Podkin One-Ear,Five Realms: The Legend of Podkin One-Ear,BK-74541-KLLP,9781917174541,B01-GF-01-100273,LP,Kieran Larwood,KL,Dan Bottomley,,CS,05:02,,WF Howes,4,3,7,£12.99,£10.83,,,8,12,Action & Adventure,Fantasy & Magic,,English,,£200,0.2,
100274,The Five Realms: The Gift of Dark Hollow,Five Realms: The Gift of Dark Hollow,BK-74558-KLDH,9781917174558,B01-GF-01-100274,DH,Kieran Larwood,KL,Dan Bottomley,,CS,05:27,,WF Howes,4,3,7,£12.99,£10.83,,,8,12,Action & Adventure,Fantasy & Magic,,English,,£200,0.2,
100275,The Five Realms: The Beasts of Grimheart,Five Realms: The Beasts of Grimheart,BK-74565-KLBG,9781917174565,B01-GF-01-100275,BG,Kieran Larwood,KL,Dan Bottomley,,CS,05:08,,WF Howes,4,3,7,£12.99,£10.83,,,8,12,Action & Adventure,Fantasy & Magic,,English,,£200,0.2,
100276,The Worst Class in the World,Worst Class in the World,BK-74572-JNWC,9781917174572,B01-GF-01-100276,WC,Joanna Nadin,JN,Sam Newton,,CS,00:53,,Bloomsbury,1,3,4,£9.99,£8.33,,,5,8,Giggles and Belly-laughs,,,English,,£500,0.2,
100277,The Worst Class in the World Dares You!,Worst Class in the World Dares You!,BK-74589-JNDY,9781917174589,B01-GF-01-100277,DY,Joanna Nadin,JN,Sam Newton,,CS,01:04,,Bloomsbury,1,3,4,£9.99,£8.33,,,5,8,Giggles and Belly-laughs,,,English,,£500,0.2,
100278,The Worst Class in the World Gets Worse,Worst Class in the World Gets Worse,BK-74596-JNGW,9781917174596,B01-GF-01-100278,GW,Joanna Nadin,JN,Sam Newton,,CS,00:55,,Bloomsbury,2,3,5,£9.99,£8.33,,,5,8,Giggles and Belly-laughs,,,English,,£500,0.2,
100279,Six Tales From Percy’s Park,Six Tales From Percy’s Park,BK-74602-NBSP,9781917174602,B01-GF-01-100279,SP,Nick Butterworth,NB,Jim Broadbent,,CS,00:39,,HarperCollins,1,4,5,£9.99,£8.33,,,3,5,Favourite Characters,Family Favourites ,Short Stories,English,,£500,0.2,
100280,Percy’s Favourite Tales,Percy’s Favourite Tales,BK-74619-NBPF,9781917174619,B01-GF-01-100280,PF,Nick Butterworth,NB,Nick Butterworth,,CS,00:32,,HarperCollins,1,4,5,£9.99,£8.33,,,3,5,Favourite Characters,Family Favourites ,Short Stories,English,,£500,0.2,
100281,Where's Spot? and Other Stories,Where's Spot? and Other Stories,BK-74626-EHWS,9781917174626,B01-GF-01-100281,WS,Eric Hill,EH,David Oyelowo,,CS,01:44,,Penguin,2,5,7,£12.99,£10.83,,,3,5,Favourite Characters,Family Favourites ,Short Stories,English,,,,
100282,Shakespeare's Tales Retold - The Comedies,Shakespeare's Tales Retold - The Comedies,BK-74633-WSSC,9781917174633,B01-GF-01-100282,SC,Samantha Newman & William Shakespeare,WS,Kristin Atherton,,CS,02:22,,Arcturus,2,5,7,£12.99,£10.83,,,8,12,Favourite Characters,Family Favourites ,Giggles and Belly Laughs,English,,,,
100283,Shakespeare's Tales Retold - The Tragedies,Shakespeare's Tales Retold - The Tragedies,BK-74640-WSST,9781917174640,B01-GF-01-100283,ST,Samantha Newman & William Shakespeare,WS,Mark Meadows,,CS,02:09,,Arcturus,2,5,7,£12.99,£10.83,,,8,12,Favourite Characters,Family Favourites ,,English,,,,
100284,Shakespeare's Tales Retold - Love & Magic,Shakespeare's Tales Retold - Love & Magic,BK-74657-WSSL,9781917174657,B01-GF-01-100284,SL,Samantha Newman & William Shakespeare,WS,Kristin Atherton & Mark Meadows,,CS,02:18,,Arcturus,2,5,7,£12.99,£10.83,,,8,12,Favourite Characters,Family Favourites ,Fantasy & Magic,English,,,,
100285,A Treasury of Scottish Folk and Fairy Tales,Treasury of Scottish Folk and Fairy Tales,BK-74664-TBFF,9781917174664,B01-GF-01-100285,FF,Theresa Breslin,TB,,,CS,,,AudioAgency,,,,,£0.00,,,,,,,,English,,,,
100286,A Treasury of Scottish Castle Legends,Treasury of Scottish Castle Legends,BK-74671-TBCL,9781917174671,B01-GF-01-100286,CL,Theresa Breslin,TB,,,CS,,,AudioAgency,,,,,£0.00,,,,,,,,English,,,,
100287,A Treasury of Scottish Mythical Creatures,Treasury of Scottish Mythical Creatures,BK-74688-TBMC,9781917174688,B01-GF-01-100287,MC,Theresa Breslin,TB,,,CS,,,AudioAgency,,,,,£0.00,,,,,,,,English,,,,
999991,Grimwood,Grimwood,BK-43915-NSGW,9781915982254,B01-GF-01-999991,GR,Nadia Shireen,NS,Adam Buxton,y,Dup,2:37,http://voxblock.info/p/B01/GF/1/999991,Simon & Schuster,3,3,6,£11.99,£9.99,,13.99,5,10,Giggles and Belly-laughs,,,English,,£200,0.2,
999992,Horrible Histories: Rotten Romans,Horrible Histories: Rotten Romans,BK-43878-TDRR,9781915443007,B01-GF-01-999992,RR,Terry Deary,TD,Terry Deary,y,Dup,1:01,http://voxblock.info/p/B01/GF/1/999992,Scholastic,2,4,6,£11.99,£9.99,,11.99,7,12,Facts & Learning,,,English,,£250,0.3,
999993,Horrible Histories: Terrible Tudors,Horrible Histories: Terrible Tudors,BK-43885-TDTT,9781915443922,B01-GF-01-999993,TT,Terry Deary,TD,Terry Deary,y,Dup,0:56,http://voxblock.info/p/B01/GF/1/999993,Scholastic,1,4,5,£11.99,£9.99,Series adjustment,11.99,7,12,Facts & Learning,,,English,,£250,0.3,
999994,Horrible Histories: Vile Victorians,Horrible Histories: Vile Victorians,BK-43892-TDVV,9781915443960,B01-GF-01-999994,VV,Terry Deary,TD,Terry Deary,y,Dup,1:02,http://voxblock.info/p/B01/GF/1/999994,Scholastic,2,4,6,£11.99,£9.99,,11.99,7,12,Facts & Learning,,,English,,£250,0.3,
999995,Horrible Histories: Woeful Second World War,Horrible Histories: Woeful Second World War,BK-43861-TDSW,9781915443915,B01-GF-01-999995,WS,Terry Deary,TD,Terry Deary,y,Dup,1:00,http://voxblock.info/p/B01/GF/1/999995,Scholastic,2,4,6,£11.99,£9.99,,11.99,7,12,Facts & Learning,,,English,,£250,0.3,
999996,How I Became a Dog Called Midnight,How I Became a Dog Called Midnight,BK-43977-BMDM,9781915982261,B01-GF-01-999996,DM,Ben Miller,BM,Ben Miller,y,Dup,3:47,http://voxblock.info/p/B01/GF/1/999996,Simon & Schuster,3,4,7,£12.99,£10.83,,13.99,7,12,Fantasy & Magic,,,English,,£200,0.2,
999997,The Boy Who Made the World Disappear,Boy Who Made the World Disappear,BK-43922-BMBD,9781915982278,B01-GF-01-999997,WD,Ben Miller,BM,Ben Miller,y,Dup,2:48,http://voxblock.info/p/B01/GF/1/999997,Simon & Schuster,3,4,7,£12.99,£10.83,,13.99,7,12,Fantasy & Magic,,,English,,£200,0.2,
999998,The Day I Fell into a Fairytale,Day I Fell into a Fairytale,BK-43960-BMDF,9781915982285,B01-GF-01-999998,FF,Ben Miller,BM,Ben Miller,y,Dup,3:08,http://voxblock.info/p/B01/GF/1/999998,Simon & Schuster,3,4,7,£12.99,£10.83,,13.99,7,12,Fantasy & Magic,,,English,,£200,0.2,
100288,Persuasion,Persuasion,BK-74695-JNPE,9781917174695,B01-GF-01-100288,PE,Jane Austen,JN,Juliet Stevenson,,CS,08:42,,Naxos,,,,£15.99,£13.33,,,,,,,,English,,£0,0.2,
100289,Romeo and Juliet,Romeo and Juliet,BK-74701-SHRM,9781917174701,B01-GF-01-100289,RM,William Shakespeare,SH,"Barber, Frances; Beckinsale, Kate; Bradley, David; Britton, Jasper; Harris, Simon; Lesser, Anton; Loe, Judy; Madoc, Philip; Rodway, Norman; Shaw, Fiona; Sheen, Michael; Souza, Edward de; Williams, Heathcote; Yapp, Peter",,CS,02:50,,Naxos,,,,£15.99,£13.33,,,,,,,,English,,£0,0.2,
100290,Sense and Sensibility,Sense and Sensibility,BK-74718-JNSS,9781917174718,B01-GF-01-100290,SS,Jane Austen,JN,Juliet Stevenson,,CS,12:41,,Naxos,,,,£15.99,£13.33,,,,,,,,English,,£0,0.2,
100291,The Brothers Karamazov,Brothers Karamazov,BK-74725-FDBK,9781917174725,B01-GF-01-100291,BK,Fyodor Dostoyevsky,FD,Constantine Gregory,,CS,36:50.,,Naxos,,,,£15.99,£13.33,,,,,,,,English,,£0,0.2,
100292,Decline and Fall of the Roman Empire Vol.1,Decline and Fall of the Roman Empire Vol.1,BK-74732-EGDF,9781917174732,B01-GF-01-100292,DF,Edward Gibbon,EG,David Timson,,CS,22:38,,Naxos,,,,£15.99,£13.33,,,,,,,,English,,£0,0.2,
100293,Les Miserables,Les Miserables,BK-74749-VHLM,9781917174749,B01-GF-01-100293,LM,Victor Hugo,VH,Bill Homewood,,CS,67:51.,,Naxos,,,,£15.99,£13.33,,,,,,,,English,,£0,0.2,
100294,Mansfield Park,Mansfield Park,BK-74756-JNMP,9781917174756,B01-GF-01-100294,MP,Jane Austen,JN,Juliet Stevenson,,CS,16:48,,Naxos,,,,£15.99,£13.33,,,,,,,,English,,£0,0.2,
100295,Meditations of Marcus Aurelius,Meditations of Marcus Aurelius,BK-74763-MAMM,9781917174763,B01-GF-01-100295,MM,Marcus Aurelius,MA,Duncan Steen,,CS,05:09,,Naxos,,,,£15.99,£13.33,,,,,,,,English,,£0,0.2,
100296,Middlemarch,Middlemarch,BK-74770-GEMI,9781917174770,B01-GF-01-100296,MI,George Eliot,GE,Juliet Stevenson,,CS,35:30.,,Naxos,,,,£15.99,£13.33,,,,,,,,English,,£0,0.2,
100297,On the Origin of Species,On the Origin of Species,BK-74787-CDOS,9781917174787,B01-GF-01-100297,OS,Charles Darwin,CD,Peter Wickham,,CS,21:02,,Naxos,,,,£15.99,£13.33,,,,,,,,English,,£0,0.2,
100298,The Master and Margarita,Master and Margarita,BK-74794-MBMM,9781917174794,B01-GF-01-100298,MM,Mikhail Bulgakov,MB,Julian Rhind-Tutt,,CS,16:51,,Naxos,,,,£15.99,£13.33,,,,,,,,English,,£0,0.2,
100299,The Name of the Rose,Name of the Rose,BK-74800-EUNR,9781917174800,B01-GF-01-100299,NR,Umberto Eco,EU,Sean Barrett,,CS,21:03,,Naxos,,,,£15.99,£13.33,,,,,,,,English,,£0,0.2,
100300,Ulysses,Ulysses,BK-74817-JJUL,9781917174817,B01-GF-01-100300,UL,James Joyce,JJ,"Jim Norton, Marcella Riordan",,CS,27:16.,,Naxos,,,,£15.99,£13.33,,,,,,,,English,,£0,0.2,
100301,Vanity Fair,Vanity Fair,BK-74824-WTVF,9781917174824,B01-GF-01-100301,VF,William Thackeray,WT,Georgina Sutton,,CS,32:15.,,Naxos,,,,£15.99,£13.33,,,,,,,,English,,£0,0.2,
100302,Wuthering Heights,Wuthering Heights,BK-74831-EBWH,9781917174831,B01-GF-01-100302,WH,Emily Brontë,EB,"Janet McTeer, David Timson",,CS,13:06,,Naxos,,,,£15.99,£13.33,,,,,,,,English,,£0,0.2,
100303,Bleak House,Bleak House,BK-74848-CDBH,9781917174848,B01-GF-01-100303,BH,Charles Dickens,CD,"Sean Barrett, Teresa Gallagher",,CS,35:03.,,Naxos,,,,£15.99,£13.33,,,,,,,,English,,£0,0.2,
100304,Crime and Punishment,Crime and Punishment,BK-74855-FDCP,9781917174855,B01-GF-01-100304,CP,Fyodor Dostoyevsky,FD,Constantine Gregory,,CS,22:01,,Naxos,,,,£15.99,£13.33,,,,,,,,English,,£0,0.2,
100305,Jane Eyre ,Jane Eyre ,BK-74862-CBJE,9781917174862,B01-GF-01-100305,JE,Charlotte Brontë,CB,Amanda Root,,CS,20:32,,Naxos,,,,£15.99,£13.33,,,,,,,,English,,£0,0.2,
100306,Lady Chatterley’s Lover,Lady Chatterley’s Lover,BK-74879-DHLC,9781917174879,B01-GF-01-100306,LC,D.H. Lawrence,DH,Maxine  Peake,,CS,13:19,,Naxos,,,,£15.99,£13.33,,,,,,,,English,,£0,0.2,
100307,Anna Karenina,Anna Karenina,BK-74886-LTAK,9781917174886,B01-GF-01-100307,AK,Leo Tolstoy,LT,Kate Lock,,CS,40:55.,,Naxos,,,,£15.99,£13.33,,,,,,,,English,,£0,0.2,
100308,The Hobbit,Hobbit,BK-74893-JRHO,9781917174893,B01-GF-01-100308,HO,J.R.R. Tolkien,JR,,,CS,,,BBC,,,,,£0.00,,,,,,,,English,,,,
100309,Lord of the Rings: The Fellowship of the Ring,Lord of the Rings: The Fellowship of the Ring,BK-74909-JRLF,9781917174909,B01-GF-01-100309,LF,J.R.R. Tolkien,JR,,,CS,,,BBC,,,,,£0.00,,,,,,,,English,,,,
100310,Lord of the Rings: The Two Towers,Lord of the Rings: The Two Towers,BK-74916-JRLT,9781917174916,B01-GF-01-100310,LT,J.R.R. Tolkien,JR,,,CS,,,BBC,,,,,£0.00,,,,,,,,English,,,,
100311,Lord of the Rings: Return of the King,Lord of the Rings: Return of the King,BK-74923-JRLK,9781917174923,B01-GF-01-100311,LK,J.R.R. Tolkien,JR,,,CS,,,BBC,,,,,£0.00,,,,,,,,English,,,,
100312,Winnie the Pooh,Winnie the Pooh,BK-74930-AAWP,9781917174930,B01-GF-01-100312,WP,A. A. Milne,AA,,,CS,,,BBC,,,,,£0.00,,,,,,,,English,,,,
100313,The Complete Chronicles of Narnia,Complete Chronicles of Narnia,BK-74947-CSCN,9781917174947,B01-GF-01-100313,CN,C.S. Lewis,CS,,,CS,,,BBC,,,,,£0.00,,,,,,,,English,,,,
100314,Wigglesbottom Primary Vol 1,Wigglesbottom Primary Vol 1,BK-74954-PAWT,9781917174954,B01-GF-01-100314,WT,Pamela Butchart,PA,Ashley Storrie,,CS,01:17,,Nosy Crow,,,,,£0.00,,,,,Giggles and Belly-laughs,Short Stories,,English,,,,
100315,Wigglesbottom Primary Vol 2,Wigglesbottom Primary Vol 2,BK-74961-PAWS,9781917174961,B01-GF-01-100315,WS,Pamela Butchart,PA,Ashley Storrie,,CS,01:18,,Nosy Crow,,,,,£0.00,,,,,Giggles and Belly-laughs,Short Stories,,English,,,,
100316,Wigglesbottom Primary Vol 3,Wigglesbottom Primary Vol 3,BK-74978-PAWD,9781917174978,B01-GF-01-100316,WD,Pamela Butchart,PA,Ashley Storrie,,CS,01:18,,Nosy Crow,,,,,£0.00,,,,,Giggles and Belly-laughs,Short Stories,,English,,,,
100317,The Highway Rat,Highway Rat,BK-74985-JDHR,9781917174985,B01-GF-01-100317,HR,Julia Donaldson ,JD,Imelda Staunton,,CS,00:29,,Scholastic,,,,,£0.00,,,,,,,,English,,,,
100318,Super worm,Super worm,BK-74992-JDSW,9781917174992,B01-GF-01-100318,SW,Julia Donaldson ,JD,Imelda Staunton,,CS,00:29,,Scholastic,,,,,£0.00,,,,,,,,English,,,,
100319,Tabby McTat,Tabby McTat,BK-79009-JDTM,9781917979009,B01-GF-01-100319,TM,Julia Donaldson ,JD,Imelda Staunton,,CS,00:36,,Scholastic,,,,,,,,,,,,,English,,,,
100320,Stick Man,Stick Man,BK-79016-JDSM,9781917979016,B01-GF-01-100320,SM,Julia Donaldson ,JD,Imelda Staunton,,CS,00:37,,Scholastic,,,,,,,,,,,,,English,,,,
100321,Zog,Zog,BK-79023-JDZO,9781917979023,B01-GF-01-100321,ZO,Julia Donaldson ,JD,Imelda Staunton,,CS,00:28,,Scholastic,,,,,,,,,,,,,English,,,,
100322,Danny the Champion of the World,Danny the Champion of the World,BK-79030-RDDC,9781917979030,B01-GF-01-100322,DC,Roald Dahl,RD,,,CS,,,,,,,,,,,,,,,,English,,,,
100323,Fantastic Mr Fox,Fantastic Mr Fox,BK-79047-RDFM,9781917979047,B01-GF-01-100323,FM,Roald Dahl,RD,,,CS,,,,,,,,,,,,,,,,English,,,,
100324,Charlie and the Great Glass Elevator,Charlie and the Great Glass Elevator,BK-79054-RDCG,9781917979054,B01-GF-01-100324,CG,Roald Dahl,RD,,,CS,,,,,,,,,,,,,,,,English,,,,
100325,The Enormous Crocodile,Enormous Crocodile,BK-79061-RDEC,9781917979061,B01-GF-01-100325,EC,Roald Dahl,RD,,,CS,,,,,,,,,,,,,,,,English,,,,
